0.jpg,387.49603,261.48294,-748.61255,389.84067,235.21712,-708.617,398.17322,235.15337,-708.7432,406.63608,235.00433,-709.07477,362.30634,234.62746,-729.07275,350.31125,234.01965,-729.2169,338.26172,233.50368,-729.54736,398.4499,244.20387,-463.17755,304.9223,243.02411,-552.1951,395.05865,286.7896,-652.35815,357.83868,285.8067,-678.14264,455.7176,366.34042,-328.83856,207.95407,370.1154,-374.8244,524.5834,511.25238,-256.73758,157.13089,529.4163,-324.72528,492.72824,636.0572,-445.65363,167.53015,653.095,-480.3442,490.91815,677.5513,-511.24393,160.2421,693.4469,-538.99036,471.8305,672.21387,-545.8767,178.6435,687.8909,-584.31085,466.29413,658.99347,-468.12897,188.31424,671.8591,-501.09927,419.97238,650.27545,-6.7306795,262.53973,656.1888,7.1589212,430.0456,860.87036,-42.133556,274.66965,862.8913,-16.756754,429.52014,1039.2695,341.5136,281.16437,1038.6638,453.1214,429.01077,1068.7151,369.44043,278.93677,1066.8706,484.45044,425.71472,1107.1355,142.50127,295.8485,1112.0704,259.25644
1.jpg,385.3933,258.21793,-771.83215,389.3562,231.40608,-731.91394,398.33173,231.35156,-732.02704,407.4501,231.20828,-732.35974,360.4355,230.93127,-750.82166,348.06647,230.38121,-750.92316,335.67807,229.94208,-751.171,401.72482,241.53445,-487.57465,303.2655,240.36948,-567.2411,394.53802,284.59567,-675.6144,355.75354,283.7195,-698.8002,460.87802,365.23453,-351.6298,208.46878,369.0452,-384.519,526.51355,507.8821,-253.31403,152.31818,524.9694,-299.86874,504.46356,637.4554,-420.20416,156.0955,650.1307,-408.4013,506.9864,679.00684,-479.1391,145.89551,688.3935,-453.471,488.2801,678.6809,-517.4687,165.33026,687.1069,-505.2982,480.08124,666.15393,-443.23877,176.59494,672.4535,-430.33618,422.17972,647.11237,-9.825018,263.4433,652.7669,10.2400875,429.91196,852.69745,-104.137665,277.2774,856.13135,-29.23227,429.55865,1030.9304,286.27148,284.9723,1028.3672,453.11313,429.90515,1060.7957,315.36557,284.2285,1057.2994,486.22363,422.41528,1099.3716,86.48437,294.6053,1100.3895,264.25244
10.jpg,353.5478,264.59872,-557.3195,362.9532,232.70746,-531.05774,373.82788,232.1984,-531.193,384.81442,231.61469,-531.42737,330.42374,233.4262,-541.6997,317.45422,233.39774,-541.93066,304.39838,233.44963,-542.266,389.64514,241.52177,-344.3544,278.29105,244.20865,-395.0272,370.21713,291.4626,-481.86505,326.96515,292.30722,-496.46988,458.74445,357.9731,-253.01562,193.06145,370.95856,-259.25644,530.96893,512.02844,-162.57051,154.55849,533.3828,-242.44446,508.8541,646.49506,-289.4709,172.6085,655.0145,-368.18378,513.80365,693.62354,-337.08646,161.55708,695.5639,-408.90985,489.24323,690.9954,-359.44366,182.76636,694.2046,-450.3798,479.63232,674.94885,-302.4541,195.88812,678.7272,-387.025,421.23737,656.1358,-11.294701,257.05286,666.96967,11.920681,426.2741,874.63025,-32.564068,269.54922,881.5036,-23.993341,424.10883,1055.9578,249.47878,273.03683,1052.5165,338.9087,427.72427,1085.5233,267.00262,272.03467,1081.3289,360.68466,405.1598,1127.3226,71.69524,284.98096,1120.1313,174.0575
11.jpg,356.0924,275.1153,-603.4474,366.5839,241.76843,-582.0219,377.48425,241.34732,-582.12085,388.49237,240.84515,-582.3374,334.28363,241.54924,-590.3826,321.39178,240.85962,-590.6428,308.4075,240.2447,-590.9812,393.15555,248.12877,-391.87558,281.99557,247.33939,-431.3703,371.56097,300.22305,-524.5769,328.85675,299.7107,-535.9284,460.38477,354.49228,-284.1026,195.51176,366.2194,-282.36575,540.11176,503.51245,-222.12724,158.42691,529.71576,-277.24408,515.0664,650.8617,-354.19788,172.49464,653.2085,-433.6175,519.2828,699.99493,-403.74207,161.40314,693.3106,-486.01813,493.687,697.02026,-428.11212,180.5564,691.7484,-524.8968,484.4627,681.4241,-368.29132,194.69095,677.196,-452.97696,421.59192,655.67694,-9.021501,258.09833,663.8739,9.514604,425.17654,878.668,-22.621353,267.726,880.4727,-17.365463,422.56772,1061.5493,279.0143,271.94324,1053.8862,341.4251,423.7001,1091.5796,298.41074,270.90247,1081.8397,362.63913,409.67453,1130.375,90.24844,284.24655,1123.1608,162.14865
12.jpg,370.3033,277.63684,-699.33716,378.95566,246.02222,-675.96985,389.41913,245.61604,-676.15234,399.9909,245.09851,-676.48047,347.9226,245.36362,-687.4552,334.9801,244.30406,-687.6345,321.98517,243.34047,-687.9813,400.6406,250.10843,-463.27948,292.96268,247.67041,-514.19165,382.98816,301.21906,-612.06036,341.7566,299.95233,-626.2919,464.6023,357.4767,-347.58948,199.95544,362.24985,-337.8966,530.48706,503.08536,-304.9248,157.23175,516.4665,-295.42325,505.95767,626.4594,-461.6351,156.44853,585.45264,-449.56104,508.4235,665.7302,-519.25775,149.61092,608.44366,-514.2268,487.00177,661.0753,-546.9875,160.81413,598.25903,-547.9076,478.8545,649.403,-479.0361,172.99557,589.6929,-468.41016,418.27426,648.85315,-6.571907,257.878,654.619,7.1270437,429.53326,850.13184,-50.03826,267.48566,845.89166,-29.599855,429.5666,1031.7281,275.01196,275.76056,1026.1404,359.03906,429.00974,1063.0912,299.73907,276.12964,1056.7964,384.92657,424.36908,1104.3813,105.03124,287.4753,1101.0781,195.30869
13.jpg,378.8933,276.13925,-617.0487,385.31696,244.97343,-590.7398,395.1468,244.64224,-590.86584,405.14908,244.22731,-591.09656,354.22064,244.5455,-606.5343,341.27814,243.80994,-606.7715,328.27667,243.1365,-607.06396,402.62527,251.3552,-399.62875,296.55594,250.3945,-467.54498,390.0396,301.5776,-539.0758,349.21066,300.7682,-558.4847,464.32123,365.72717,-293.38443,200.82278,368.22992,-323.92245,528.4986,508.25656,-205.76193,151.50867,526.15283,-306.08762,517.65906,635.7376,-337.08154,154.251,650.0562,-424.37253,525.1055,678.25104,-379.55157,140.39864,689.01807,-459.99527,504.82822,678.51465,-411.28232,158.29866,691.1669,-502.7458,494.34085,663.9227,-355.28143,172.9848,675.9448,-442.9529,412.47186,652.9994,-6.454952,251.18758,657.3463,6.820164,415.47205,872.40717,-33.440666,262.70456,873.38525,-16.0344,415.88538,1058.2861,246.35474,268.03342,1048.6409,330.1561,415.83734,1088.5264,264.3944,266.45987,1075.8469,351.2302,405.74417,1126.6772,55.645145,280.2189,1120.4109,151.4445
14.jpg,393.3062,270.3461,-538.5281,396.36807,243.17244,-504.0427,404.2774,243.5531,-504.11047,412.3855,243.8522,-504.33594,369.32593,241.01964,-526.45465,357.4734,239.71642,-526.71027,345.54895,238.47215,-526.9619,402.05197,251.70662,-302.95856,310.72415,245.5168,-400.45715,398.00665,296.18082,-460.3433,362.04803,293.13074,-488.41965,453.1329,366.24,-220.40565,203.15727,365.69888,-281.60992,528.91156,503.18195,-184.56134,148.33548,524.9015,-292.57455,513.6162,631.3527,-354.7365,152.35748,649.399,-423.54843,519.5364,674.7604,-408.94012,138.39825,688.2377,-467.54623,495.65182,673.22766,-433.2509,158.89163,688.46124,-503.48984,488.0231,658.1344,-372.82428,171.43578,672.7353,-439.42508,409.58493,649.21936,-1.4541857,253.83264,654.41187,1.9279314,419.9516,863.08453,-39.313885,267.28275,868.9436,-12.470217,422.7687,1045.3416,215.10933,272.08438,1043.1271,317.79242,421.50833,1075.6301,231.1602,268.3266,1070.6859,336.8628,420.2792,1110.2072,23.244822,290.67145,1113.3958,129.99203
15.jpg,408.80795,258.88068,-549.8632,404.98053,234.20317,-513.13916,410.6353,234.296,-513.25555,416.56723,234.29227,-513.5694,382.34253,233.44525,-540.1834,371.65265,232.92412,-540.4033,360.87726,232.4542,-540.5415,399.3651,242.38757,-319.3403,323.4193,242.13403,-437.55276,408.74493,286.00958,-474.61755,378.96783,284.56198,-508.4865,455.32715,370.20224,-239.47543,205.64395,368.97623,-308.3121,531.72534,510.95438,-130.09486,142.66159,524.9479,-286.10754,537.5266,636.0341,-278.76932,148.15263,658.92615,-389.16153,546.3597,677.7599,-328.85437,133.76921,701.7494,-425.72296,526.8517,680.0975,-364.85645,155.58702,703.8784,-471.26672,517.65784,664.98346,-301.25195,167.41768,685.231,-408.09222,413.17462,656.99927,-0.9958397,254.91457,662.8426,1.4834719,420.54083,875.87244,-43.660095,266.39557,880.60236,1.9261029,424.11713,1065.5935,211.17178,270.41476,1063.1626,357.81232,422.7259,1099.0137,226.46054,266.39096,1093.2844,378.90906,421.54404,1129.6464,5.388137,288.9612,1132.7616,164.04967
16.jpg,405.4631,253.10721,-596.38983,404.333,230.4017,-553.3166,410.75647,230.99016,-553.4474,417.40817,231.47383,-553.73816,380.14618,228.73444,-577.5648,369.19583,228.02464,-577.75824,358.1754,227.36768,-577.8451,403.0971,241.018,-346.19095,323.3562,237.83994,-453.17502,407.35046,282.72696,-518.7576,375.6994,280.12387,-549.0051,460.8644,382.8336,-267.38055,206.67671,369.91397,-325.0556,525.4763,530.4371,-134.341,148.96927,520.5648,-272.94208,509.6997,652.1199,-281.9248,158.87251,649.9397,-382.13153,512.2515,697.6864,-332.737,145.48112,695.082,-416.70993,489.28894,699.9724,-366.0901,167.93169,698.21606,-467.4915,484.67798,680.413,-301.73044,177.43828,676.355,-401.02386,410.00766,661.8779,-2.1236026,251.33482,661.91296,2.7839499,409.91455,876.5132,-68.76906,260.42654,877.98413,-0.15306541,414.45056,1061.8171,192.81587,261.3767,1054.8081,374.71008,414.31363,1097.8816,209.06975,257.60632,1087.2227,397.31796,404.2547,1129.3368,-28.430576,278.02417,1128.2179,169.35342
17.jpg,402.3532,247.99808,-547.3015,401.51544,226.40253,-503.38892,408.22888,227.0139,-503.52145,415.1802,227.53667,-503.85678,376.55594,224.8526,-528.789,365.41962,224.31555,-529.0429,354.21545,223.84772,-529.2856,402.4147,240.66705,-287.6798,319.20703,237.55197,-398.54993,406.0656,277.62234,-465.45862,372.9465,275.42902,-497.63513,463.18362,375.24426,-186.99707,211.63336,373.03253,-259.37503,543.32166,518.38715,-69.96696,151.6922,529.3207,-222.8194,526.317,643.66394,-262.20294,161.93906,667.1177,-362.35333,528.2401,685.9863,-329.7912,151.37189,710.809,-409.05322,506.24524,682.8115,-362.71103,174.35992,708.86145,-454.8152,498.60016,669.4876,-285.1746,184.29538,691.4251,-382.2505,426.93692,663.6778,-3.549775,263.45276,668.3657,4.013183,432.05978,881.6249,-104.08433,278.12823,886.73883,-49.092636,433.30902,1074.6506,179.68365,284.22293,1070.1083,341.57867,433.80478,1107.7319,196.03,281.1346,1099.6375,364.6692,425.17407,1141.0758,-42.510506,300.8905,1142.0692,132.08955
18.jpg,388.7909,243.02058,-752.5525,389.36395,219.28711,-704.30145,397.60587,219.0216,-704.49194,406.016,218.67511,-704.93353,361.23682,219.94458,-725.27136,349.09512,220.15392,-725.3888,336.92264,220.49738,-725.69995,397.4187,230.67558,-448.5904,303.83145,234.45906,-539.7573,397.5804,270.54727,-654.9774,360.0856,271.29205,-681.3776,465.18552,369.69098,-327.57413,205.46051,372.94095,-357.65613,530.27155,519.5502,-233.83218,162.58392,531.57947,-245.72571,502.6257,636.9929,-422.8753,177.64975,649.68225,-335.13385,501.38382,676.9702,-490.1436,174.70575,688.1571,-375.0207,482.64053,672.1182,-526.1852,191.2848,681.54816,-426.65332,477.26514,659.9615,-445.43903,198.9312,666.0272,-354.92664,430.7396,655.4204,-5.93754,264.60413,662.6271,6.4417067,437.92383,862.2223,-209.66711,284.5828,868.3201,-71.25017,438.0133,1050.133,198.08205,294.87848,1044.7229,425.69342,438.95728,1082.3992,228.72221,292.7827,1076.4161,459.8888,430.779,1118.2224,-17.649315,312.10626,1114.449,226.01228
19.jpg,379.94995,240.24762,-569.33344,381.2473,215.87102,-529.44006,389.24603,215.87186,-529.5199,397.473,215.78123,-529.82935,353.39648,216.24023,-548.53326,341.56897,216.45303,-548.8209,329.69266,216.751,-549.0066,390.34357,229.65523,-328.09695,298.21387,232.46301,-408.23642,388.71384,270.5849,-492.18982,352.2949,270.8263,-515.1952,458.375,369.6253,-220.90364,201.44183,368.73175,-267.70807,526.7251,509.15515,-65.83781,144.60863,516.7878,-182.33336,513.775,637.30396,-197.49295,150.78693,646.626,-281.8828,519.0812,681.3999,-240.77223,137.85378,688.7933,-309.7076,499.44775,682.0433,-280.939,159.4941,689.74725,-361.35028,491.00714,666.58826,-219.8863,170.72417,672.8316,-301.25906,418.47217,656.17303,-8.165611,256.54858,660.83624,8.566226,423.57285,875.2477,-69.69186,275.447,879.3646,-4.8077354,429.4313,1066.4629,221.47844,282.25775,1060.3855,381.46915,430.186,1098.4861,237.87392,279.72333,1088.5037,404.04584,421.1754,1131.8259,-4.6888485,299.3321,1131.3226,175.20766
2.jpg,387.24847,256.04758,-801.95447,390.21002,230.65619,-758.2357,398.9151,230.61044,-758.37164,407.7484,230.48483,-758.7045,362.015,230.06673,-779.80096,349.71783,229.44649,-779.888,337.3758,228.9715,-780.167,400.15607,240.47342,-490.69608,304.14777,239.39915,-582.51013,395.36057,282.45105,-697.6728,357.47043,281.37476,-724.17914,455.4923,364.98868,-351.6119,209.52945,369.96988,-392.8446,524.71674,505.94937,-321.64246,160.12132,528.0273,-318.13358,494.0617,622.0701,-576.8743,167.48369,646.5325,-469.07687,492.83646,661.32666,-655.60455,161.2103,684.2494,-524.11383,472.49634,653.8548,-692.40594,178.4683,677.4897,-574.4904,468.28384,642.1884,-601.72595,188.01918,662.36127,-490.84073,425.06293,648.1237,-0.03526043,268.4921,654.77264,0.5319581,433.90933,831.39343,-225.85405,281.47498,834.3705,-121.3871,436.2494,1017.30585,200.49994,291.33862,1016.74896,366.9072,437.08835,1049.3658,233.38525,292.442,1049.6072,400.1198,429.45685,1086.845,-2.1219592,300.214,1089.6307,175.30988
20.jpg,375.64853,240.16833,-616.88025,376.55054,217.11382,-572.71124,384.3366,216.93715,-572.8474,392.3416,216.68028,-573.239,349.3678,217.74344,-592.4389,337.82516,217.9384,-592.69525,326.27118,218.26941,-593.0006,385.41803,228.65396,-344.7669,295.51184,232.10461,-427.0744,384.49683,268.16553,-530.2999,348.9603,268.8444,-553.8949,454.72382,365.33444,-220.93787,200.53677,368.63327,-266.964,524.3186,497.11423,-64.20649,147.22385,517.8495,-127.53227,494.62433,609.3658,-170.96964,160.76035,642.8488,-166.48944,493.3762,646.3157,-218.48694,154.23846,681.1525,-194.42137,476.69293,644.66034,-253.31606,175.94449,676.8112,-240.06532,471.47372,634.17145,-191.12761,183.28287,661.4405,-182.90714,418.43536,650.24945,-8.212497,255.75584,656.86566,8.293354,434.8794,861.53156,-179.3704,275.36084,871.8575,-17.005718,436.84326,1059.4321,154.61243,286.87708,1058.0875,426.63605,435.77087,1092.4933,176.6614,284.96646,1088.4218,455.10147,435.76385,1130.3278,-75.712364,303.06906,1134.2056,214.9855
21.jpg,378.17337,250.55795,-668.18854,380.68402,222.16284,-631.5478,389.5879,221.80876,-631.58435,398.6392,221.36664,-631.9236,351.24133,222.60077,-650.5945,338.6267,222.46991,-650.8357,325.97754,222.44534,-651.1022,392.23865,231.74594,-407.1243,292.79773,234.12254,-489.3921,387.92566,277.31018,-579.25037,348.71335,277.7151,-603.0868,458.7155,356.38657,-284.8448,198.14621,364.82068,-314.1285,534.0421,496.25415,-158.6931,150.88168,521.5321,-210.06758,507.44675,632.6783,-285.70642,166.91759,652.7355,-292.62616,509.43845,676.6839,-332.3209,158.53438,693.4129,-324.3684,490.44815,676.3132,-367.20798,178.7659,692.1149,-370.74307,482.9965,662.54156,-305.68246,188.55194,676.18494,-310.39432,421.33817,647.7966,-11.120169,259.41016,657.0178,11.422874,429.2177,870.1952,-44.18721,279.78842,874.10986,-13.9404955,431.3896,1059.9758,316.33945,289.42404,1058.6837,412.6922,431.92856,1091.5376,340.83572,287.41324,1088.35,438.9095,426.016,1127.8135,109.93919,305.6397,1130.5728,209.41406
22.jpg,381.19482,262.49347,-824.26135,385.23984,234.48872,-782.8527,394.5584,234.14818,-783.0032,403.9765,233.71974,-783.2962,356.03085,234.30133,-803.51086,343.30737,233.68564,-803.56726,330.52304,233.21486,-803.82355,397.9347,242.17824,-512.30634,297.521,242.18242,-600.6648,390.59018,288.13278,-717.996,351.12027,287.50165,-743.32916,453.11307,361.69702,-377.74048,204.19746,366.7741,-412.28946,526.2306,507.30548,-392.91193,158.14899,523.58435,-378.02707,498.06104,627.2599,-668.88116,162.49153,630.8514,-578.4328,498.45404,668.264,-751.8541,154.14651,665.4568,-648.4678,475.43408,658.9421,-788.656,170.98459,658.48816,-693.1737,470.90662,646.95544,-694.00903,182.00562,645.1708,-600.65247,419.64053,648.0331,2.144374,263.11707,654.2292,-1.5173519,430.91965,806.87256,-262.58215,269.4572,803.7709,-207.15517,430.14612,997.0226,151.7827,283.76825,995.3579,286.79633,431.35135,1031.8027,183.78792,287.3001,1030.5304,322.01605,422.1893,1065.0951,-40.449913,288.00107,1068.9772,111.700356
23.jpg,379.69974,261.9949,-639.07806,383.52066,235.00021,-602.164,392.40787,234.99377,-602.2749,401.4241,234.90755,-602.5312,354.57135,234.35815,-620.996,342.30872,233.87921,-621.19867,329.95883,233.46677,-621.5087,395.37286,244.8317,-383.57642,298.01776,243.79689,-468.83804,388.97607,288.81406,-553.97876,350.38287,287.9736,-578.5818,458.4713,367.56018,-282.36673,201.4897,372.9838,-329.0703,529.8724,521.7651,-222.96146,160.55826,534.3573,-333.09955,504.0257,654.4599,-406.9892,172.68324,662.16473,-502.97702,506.38016,701.0853,-469.6554,161.63802,705.1765,-559.9618,481.84424,697.81104,-497.8456,182.83113,703.4504,-600.1273,474.65024,681.2009,-426.22577,193.57578,685.77655,-521.73065,421.80722,661.16125,-10.827475,261.04526,667.9198,11.398984,428.0626,886.70416,-35.51536,273.48456,886.1446,-21.679285,432.76166,1073.7914,272.28796,281.49005,1065.9863,363.10754,436.75427,1106.2028,291.8955,281.20712,1096.477,385.31055,418.52686,1142.2756,67.29919,294.37222,1138.7201,163.47195
24.jpg,392.65347,263.57938,-780.3153,394.29895,238.74129,-737.46,402.24402,238.90889,-737.58716,410.3522,238.98642,-737.95233,367.37286,237.59703,-759.82605,355.56064,236.79582,-759.94147,343.72528,236.11575,-760.24115,400.57553,247.70425,-479.18646,309.72433,244.86047,-574.78143,398.66718,288.95984,-678.73035,362.8813,287.18192,-706.5,458.65802,371.4181,-336.42,207.75627,371.93787,-381.9897,527.2473,514.2282,-234.40347,158.32536,529.678,-274.23776,506.1173,635.376,-408.7962,167.758,653.79877,-365.10678,507.0668,674.14124,-470.24255,160.97311,691.6667,-406.43127,489.64322,671.61566,-508.71368,178.32481,688.271,-459.7026,482.82983,660.1842,-432.13956,187.77437,673.2662,-386.0309,420.83502,654.67865,-4.51609,260.4265,660.6259,4.892929,429.79306,861.26196,-99.444954,275.08347,864.5045,-19.87683,428.80054,1041.763,308.96683,280.8988,1039.8654,490.2362,427.62698,1072.5992,339.64258,277.9636,1069.5009,525.6489,426.0809,1109.083,102.10854,297.072,1112.1974,294.0421
25.jpg,425.45648,266.37335,-461.734,413.42444,240.82976,-435.6579,415.0207,240.29417,-435.86975,417.01215,239.68332,-436.24158,400.17297,240.94496,-472.21277,392.3691,240.48079,-472.4719,384.5067,240.05173,-472.68152,390.1844,244.72171,-288.9928,342.79904,248.86931,-450.8786,415.21805,292.1665,-403.30417,397.34338,291.5997,-449.78787,441.02557,382.44962,-224.20656,206.68953,375.78244,-345.8106,514.2588,530.64087,-85.76683,146.21497,534.7064,-327.78583,516.6816,646.18567,-216.70697,159.72238,663.9564,-401.8799,520.5735,684.359,-257.9119,146.61166,708.6016,-438.0557,504.64288,683.1601,-296.34344,167.50879,706.33905,-472.85434,497.34116,669.0295,-240.04822,176.64078,686.04877,-416.7911,400.65454,660.76337,23.115236,244.89981,662.3004,-22.694063,403.3453,880.493,4.248748,251.87122,880.29004,-9.203833,404.07333,1064.7573,267.9384,255.58575,1066.7103,324.476,396.31897,1096.354,284.0225,248.70105,1095.4849,344.29657,418.9956,1121.1997,67.58556,282.51392,1131.4683,129.814
26.jpg,441.0467,267.91937,-427.1325,431.06204,241.68188,-395.3368,432.96637,241.29327,-395.57614,435.2797,240.87933,-396.01102,417.00262,240.77048,-433.80402,408.7707,239.67482,-434.0595,400.5005,238.59358,-434.17676,406.44623,243.78233,-246.46655,357.20697,244.2299,-412.56793,428.67242,292.30765,-370.326,409.2607,290.16934,-417.82062,439.32074,386.13406,-211.26416,208.48901,365.15387,-332.01898,493.31714,533.4106,-115.65613,154.99762,534.63293,-322.27148,502.30652,631.1412,-246.89409,181.65724,640.9025,-362.64417,507.99118,664.7821,-285.223,174.03703,678.48254,-394.88345,494.01105,664.1003,-322.8883,192.7937,675.1998,-420.94452,486.9016,649.9187,-270.0706,200.50919,656.07263,-372.81592,376.0814,642.931,20.076023,227.55032,635.3976,-19.813051,373.28403,851.97406,40.558773,228.12799,842.38184,25.34314,364.43317,1023.55096,291.65387,225.38315,1016.51263,324.58466,355.73273,1053.1641,309.3999,215.79514,1045.507,343.33102,376.70804,1075.1149,123.61504,251.214,1073.9078,164.48947
27.jpg,448.73196,274.12637,-415.84534,439.70795,248.80542,-383.53143,440.85284,248.91386,-383.76385,442.41602,249.0152,-384.17587,427.8101,246.35892,-425.7763,420.1864,244.49695,-426.1345,412.50644,242.64725,-426.32968,410.74918,251.00438,-231.93741,368.39288,246.16869,-416.80103,432.58734,297.67694,-356.8794,415.64777,293.23245,-410.30396,429.1659,383.94403,-200.51772,210.06497,360.8783,-348.58005,470.9112,523.96594,-128.62398,146.70317,534.3454,-365.83307,470.12634,587.9328,-281.15176,173.58704,643.4408,-423.215,472.87012,612.70886,-331.04312,164.87068,679.2101,-462.02835,459.41437,608.2736,-358.51318,184.88084,675.85175,-482.84406,453.41156,598.1806,-302.93964,192.22034,658.1582,-432.62054,363.4836,644.8618,27.920458,218.11261,637.50757,-27.586094,363.4482,849.14996,54.881115,221.49762,847.8601,19.580725,360.216,1026.5724,302.6878,220.96666,1023.1683,322.8552,352.91895,1057.0717,319.76596,210.75981,1051.3206,341.72278,373.1436,1076.5217,129.49133,246.37906,1078.4517,157.68484
28.jpg,446.65015,269.9223,-411.2032,437.61838,242.12628,-381.8012,439.43576,241.80322,-382.04022,441.68826,241.4623,-382.468,423.95856,240.7453,-421.27448,415.77832,239.26134,-421.60092,407.5383,237.79807,-421.78082,411.69766,243.60089,-236.00485,362.95264,242.03307,-405.09506,432.82242,293.64606,-354.11746,413.5486,290.64838,-402.91425,439.2415,379.88297,-198.8436,208.03291,360.516,-322.43127,490.83746,523.5799,-113.12492,144.60814,537.05884,-321.70374,493.98956,616.8115,-241.22845,165.72221,646.6737,-352.38892,499.32663,647.8495,-282.5223,156.88889,682.3717,-384.4098,485.4161,647.17596,-316.18286,175.28561,678.8927,-408.63834,477.61032,635.4704,-263.84567,184.27747,661.8312,-362.66635,372.05936,648.4014,22.141153,222.09515,641.5682,-21.928234,372.49542,859.3214,37.36369,226.46979,856.5093,20.436039,366.87503,1041.0159,270.8944,226.95605,1036.7058,306.95712,358.60223,1071.3864,286.60794,217.2801,1064.7849,324.31058,382.06863,1093.5679,101.27621,252.39673,1094.3882,144.00673
29.jpg,437.44724,263.62613,-398.1268,426.96082,237.9486,-365.46326,428.5968,237.90762,-365.67334,430.65707,237.84387,-366.04663,413.9783,236.09148,-404.57227,406.25137,234.63739,-404.87027,398.45538,233.19864,-404.99542,402.03525,240.55444,-209.69635,356.6458,238.56073,-381.3285,424.22452,288.43704,-338.28812,406.3126,285.33746,-387.73657,434.44263,378.73804,-177.50063,206.03238,360.37903,-309.4642,496.40564,521.36383,-93.08275,149.12376,531.55133,-313.7605,499.05707,612.4216,-241.95474,164.5553,651.055,-367.5655,504.8125,645.6845,-292.1111,152.13104,691.48157,-399.00232,486.06766,644.7427,-317.56833,173.62415,691.04156,-429.79672,480.20013,632.06665,-262.6423,182.0694,672.24536,-379.63055,378.76724,651.5161,24.221275,227.3246,646.38947,-24.069798,382.38617,863.3344,21.452274,236.75478,864.9625,2.6328125,379.80972,1049.352,266.31647,238.57736,1045.3478,310.58368,372.53247,1082.0546,283.58533,230.02994,1075.1676,330.23926,395.87598,1102.3711,86.256256,269.25128,1104.4729,143.34033
3.jpg,378.41617,253.03705,-567.77234,384.96375,226.94827,-533.39417,394.59113,227.39204,-533.4851,404.38968,227.7323,-533.7898,354.68195,225.46623,-548.46423,342.05,224.72108,-548.6802,329.36783,224.08276,-548.9434,401.94482,240.66261,-335.42508,298.98227,236.48912,-400.46088,389.58698,282.18283,-490.5112,348.90765,280.11313,-509.3597,466.31183,363.98047,-249.36586,202.72461,366.55768,-255.62804,538.4366,497.39307,-154.90111,152.42514,517.1189,-179.12717,510.7907,629.5142,-270.96097,158.10095,642.67145,-261.83392,513.6,673.42126,-317.9941,147.12543,681.4199,-298.75058,491.8503,672.35077,-347.5073,167.08734,680.7011,-342.76953,484.43927,658.5565,-288.30457,178.45848,666.067,-280.31796,422.44073,648.30054,-18.115408,260.07605,655.23346,18.559769,429.60925,863.7236,-67.593506,275.4311,868.54083,-17.595745,429.58463,1051.0247,225.71443,282.72855,1047.9839,348.27316,430.54156,1082.1176,244.64114,282.87708,1077.3019,369.75415,420.40186,1122.2412,38.85054,290.81436,1121.7019,165.78925
30.jpg,426.34854,244.26083,-450.11563,414.36084,221.78519,-414.4432,416.4884,221.82655,-414.61353,418.9873,221.82095,-414.94336,399.9252,221.01413,-450.2813,391.78983,220.54465,-450.42004,383.61554,220.1128,-450.58563,393.8537,229.31128,-254.86336,344.0436,231.75505,-413.3648,417.19604,273.2191,-391.25027,397.59952,271.98538,-436.2239,447.943,381.33115,-204.19473,207.61606,369.8839,-319.32788,525.29254,522.8903,-58.543644,146.27783,527.71295,-286.5436,517.4728,628.77826,-174.51086,145.80887,665.6799,-358.59705,520.0446,667.84503,-214.24812,129.52559,713.76025,-381.88553,501.10992,667.05817,-246.05522,151.28479,715.86426,-429.86493,496.96365,652.7462,-194.0901,160.95796,694.1469,-377.0523,408.6604,662.8039,19.78875,246.57687,662.9663,-19.364483,411.351,886.16907,-34.934685,255.91003,883.58997,1.0037957,413.01324,1072.1471,196.9565,260.2377,1070.3909,355.9165,405.27637,1106.0857,210.27687,255.46303,1101.272,378.0745,425.35577,1128.2014,-15.961285,288.3479,1134.1772,164.54968
31.jpg,419.1413,240.76051,-573.67664,408.78534,220.26218,-533.5973,411.18954,220.50891,-533.74774,413.85742,220.6911,-534.0342,393.44785,219.65437,-570.05493,385.31387,219.50168,-570.17065,377.10587,219.41002,-570.419,390.33817,229.81322,-345.55453,338.69916,232.24657,-508.56534,412.32263,271.3424,-503.476,392.48535,270.13852,-549.78033,452.26407,383.9747,-263.50824,210.50336,374.68442,-386.20538,530.25903,540.8938,-89.4358,147.86298,532.47424,-341.76422,521.5325,662.64355,-222.73805,155.43219,671.4045,-484.57355,524.73486,705.43555,-267.35583,140.90167,719.8467,-523.00574,503.7688,704.92725,-309.18283,163.56279,718.8858,-578.91364,499.37653,688.38513,-246.22815,172.04881,696.49243,-506.2085,414.9362,670.2815,23.00884,252.00356,671.1872,-22.396658,411.30447,899.0409,-15.145503,263.12686,893.51715,-28.184555,416.16635,1087.3741,288.9228,272.08224,1083.0018,375.19897,412.37442,1124.4303,306.02573,268.1004,1115.6469,399.02316,412.17514,1146.2869,50.421146,299.60184,1152.3191,152.58191
32.jpg,407.0907,243.8471,-570.09705,402.80716,221.46689,-528.901,408.0917,221.7887,-529.0275,413.6297,222.01048,-529.30554,381.0965,220.74083,-556.7698,370.9772,220.51414,-557.01184,360.7583,220.3434,-557.20917,397.46494,233.09944,-327.9642,325.29535,233.65843,-452.38828,407.5636,274.6643,-494.24332,379.2467,273.35516,-529.67346,460.22342,380.02075,-239.73138,208.00174,373.42636,-324.54288,532.8385,531.9421,-93.54002,150.00732,532.2004,-278.96002,521.26385,655.306,-261.3042,164.5401,670.62103,-398.10153,524.81494,700.3809,-318.84784,151.50117,718.5591,-435.6514,502.15356,700.8636,-355.47592,175.82336,718.70056,-488.48325,496.35333,683.13617,-284.26212,184.66708,696.73456,-418.08887,420.24146,671.96185,9.208157,256.84003,674.69995,-8.666442,422.14084,901.1103,-44.08974,272.5959,902.35803,-24.96683,425.72708,1096.2717,244.40141,277.4375,1088.7834,371.96536,423.63998,1132.7664,261.083,272.9105,1121.1543,396.05954,420.4968,1162.167,12.69294,302.23398,1160.5195,165.3168
33.jpg,399.01007,248.72073,-640.50116,397.93854,224.45412,-598.728,405.23923,224.59245,-598.83966,412.7433,224.64941,-599.2243,371.82895,224.01443,-620.99164,360.11124,223.80603,-621.2405,348.3223,223.67555,-621.4857,400.74216,236.90575,-379.13345,313.41428,237.20146,-477.43924,404.601,276.84473,-555.66815,369.37375,275.9956,-584.1652,462.89044,371.6465,-273.1243,209.47223,370.37088,-321.07944,525.40735,523.68,-149.91068,156.28738,526.5568,-251.9732,503.42303,649.81256,-318.43127,172.32895,655.21857,-353.5826,504.24637,693.1503,-376.14996,164.75136,698.3842,-392.2009,486.0421,690.4927,-411.3747,185.29007,695.02625,-437.87018,477.9399,676.19775,-340.95932,194.33426,677.413,-372.23117,421.74588,654.6104,-8.914469,259.69287,659.2558,9.242803,425.95486,874.4661,-39.21356,276.40195,874.234,-36.84736,428.80814,1059.1733,306.3285,283.83942,1054.1521,384.38257,430.65808,1090.0941,330.14783,280.648,1082.4548,411.2646,420.97092,1125.4868,100.16442,299.15778,1125.5173,184.99298
34.jpg,386.64078,251.41354,-648.0713,389.46558,223.44818,-609.6929,398.55566,223.02625,-609.82263,407.82822,222.50665,-610.2101,359.5773,224.0783,-629.6084,346.73462,224.0409,-629.8122,333.88425,224.114,-630.0705,401.2132,233.34262,-384.12885,300.14325,236.1398,-468.7482,396.31128,278.7436,-559.60974,356.55676,279.43295,-583.9548,464.83798,360.89417,-271.26395,204.23557,370.53424,-298.2787,534.4535,497.90747,-156.56725,147.2391,525.98065,-199.36919,514.7559,626.3311,-297.91043,156.3056,649.5514,-277.32748,518.3755,667.47876,-352.0499,148.31519,687.53326,-315.91995,498.96307,667.3879,-386.8683,168.685,683.9567,-361.66153,490.64578,655.37286,-319.438,178.44766,669.4395,-296.01398,427.43024,650.81757,-13.42965,265.73062,659.64014,13.718365,438.57574,861.2835,-88.561775,280.45203,866.6405,-3.0851915,437.90533,1045.5715,250.11243,286.4769,1042.2386,440.22324,437.82684,1076.2565,273.26178,285.05927,1071.3662,469.25085,432.09836,1116.2822,45.65691,298.4676,1115.9277,249.48067
35.jpg,375.49683,247.95355,-640.79224,381.76367,220.22804,-601.1076,391.54883,220.18098,-601.2179,401.469,220.05357,-601.53076,350.85052,220.17046,-617.2373,338.10437,220.00697,-617.4189,325.30603,219.92923,-617.6538,399.51044,233.5578,-379.3947,295.2201,233.85844,-447.76843,388.01703,277.24207,-554.5549,346.54813,276.9649,-574.4779,464.5426,369.58435,-266.74234,205.3074,368.9074,-289.36322,529.9155,520.727,-151.85057,149.32451,524.62286,-226.04642,505.14648,651.4456,-316.669,156.10506,656.02527,-356.54346,507.9535,696.2479,-376.63815,144.11288,697.45465,-395.5908,486.1457,694.59924,-411.7432,165.10002,698.5757,-447.25998,478.08325,679.4542,-338.6545,177.15347,682.57446,-377.76852,422.89233,659.6084,-12.633455,261.48114,662.83923,13.174297,425.28046,875.18384,-66.799484,277.85632,877.04694,-44.72641,430.88245,1057.4677,280.4629,283.84253,1050.868,379.13617,434.53644,1088.2424,303.541,282.4503,1079.1387,406.0103,414.31366,1124.1587,73.811424,294.6369,1121.6018,186.0943
36.jpg,365.90784,247.86792,-615.17523,373.81134,220.76743,-576.65704,384.04663,220.76254,-576.76294,394.4289,220.65828,-577.0825,342.49908,220.72615,-589.7379,329.772,220.61256,-589.9493,317.0032,220.6037,-590.2047,396.1295,235.25357,-364.8732,289.8776,235.66919,-418.92667,380.84824,277.5357,-533.68036,338.42728,277.37384,-549.3554,464.54883,369.3286,-265.82593,201.40729,370.12274,-274.9718,534.1741,514.5049,-182.64626,142.79274,523.3096,-216.37617,508.49237,643.00464,-319.26978,149.99449,655.7854,-340.01297,511.66913,684.0496,-373.22232,138.53249,694.7663,-382.30496,489.09485,683.2486,-401.7657,160.8457,695.4194,-427.36304,481.32892,670.56866,-337.59332,172.96715,681.1592,-359.91797,425.68182,658.2395,-11.746407,261.70612,663.85,12.125692,436.17587,871.719,-112.80155,278.99677,878.7382,-53.025314,439.04547,1061.0669,211.37407,289.77054,1058.8207,342.3416,440.99982,1092.3688,232.77403,290.55103,1088.7954,365.8637,428.49506,1132.197,7.180895,298.3746,1131.2279,148.91144
37.jpg,357.1723,246.05386,-561.22504,367.14526,218.08119,-525.2888,377.71613,218.0451,-525.3781,388.43408,217.92258,-525.60175,335.4402,218.16994,-536.75073,322.86465,218.10599,-536.9854,310.19983,218.12488,-537.2609,393.14407,231.34853,-318.1034,285.62256,231.5847,-369.8069,373.58307,275.47714,-481.4749,331.0948,275.40485,-496.17242,463.85654,361.28522,-225.01263,203.95175,368.0393,-231.30661,534.37616,508.06235,-121.03197,161.48273,528.8109,-201.92963,513.1192,645.3582,-256.59674,173.72408,653.8722,-340.28134,519.0801,694.3303,-305.86322,162.2637,696.4568,-381.03638,493.25854,696.1383,-335.1018,184.81905,696.77814,-427.84357,484.50726,678.6115,-273.87247,196.75336,679.9173,-359.87848,426.92786,656.5609,-13.13457,264.29623,662.78326,13.664073,429.14078,877.9149,-48.7067,280.8803,881.48303,-25.139668,433.98712,1064.3944,247.16063,286.82156,1058.1228,351.15405,438.04807,1096.531,265.56287,286.90753,1088.4824,373.80518,413.35968,1134.6633,39.217533,298.36124,1129.5249,161.5451
38.jpg,357.22614,245.20886,-718.412,367.99118,217.52286,-679.5969,378.93842,217.7107,-679.714,389.96692,217.81331,-679.92566,335.7466,216.93266,-691.31213,322.8636,216.54628,-691.47394,309.91855,216.25223,-691.7895,394.77768,232.57416,-446.7145,284.22382,230.52301,-497.69196,373.4582,275.20517,-628.3467,329.81967,274.15375,-643.1573,457.52106,358.74725,-321.01758,205.3225,366.1905,-334.19955,530.6008,499.7136,-219.95258,160.80872,522.483,-299.73978,512.2941,625.556,-381.8413,172.18015,641.9256,-469.80072,517.75916,667.80347,-442.2082,160.73853,680.6538,-526.47,495.4699,667.6144,-476.5953,183.328,678.9208,-575.28284,486.57123,654.5171,-403.44153,195.04349,664.13995,-493.00656,425.78058,639.357,-10.08872,267.55878,646.56647,10.67875,430.89584,845.87476,-48.49647,282.11096,850.0235,-44.548065,435.42984,1016.34937,316.0005,287.70944,1013.0498,389.7386,438.91138,1045.6793,341.36285,287.6264,1040.9604,417.84183,418.95706,1082.4153,119.58949,297.75198,1080.4232,203.28113
39.jpg,352.9547,263.19876,-636.394,364.91757,231.54935,-613.0284,376.33435,231.11876,-613.149,387.85175,230.59462,-613.3738,332.1744,231.85011,-619.3922,319.23566,231.50793,-619.6258,306.23514,231.2562,-619.97034,396.1346,240.53441,-420.04913,282.76016,241.17348,-448.1878,371.09103,289.6243,-556.9957,327.27045,289.7626,-565.1555,464.06378,353.25043,-306.30817,204.44089,362.2525,-293.7818,535.93604,494.9494,-221.65163,154.07626,513.7615,-265.5799,516.6171,630.7959,-327.09213,158.97993,637.29846,-397.7373,521.7838,673.77637,-369.40335,145.88684,675.4224,-446.7366,500.72845,673.49835,-399.49234,166.65567,676.60175,-489.1411,491.07172,661.3131,-343.11957,180.99489,663.6105,-418.44977,424.62158,640.20917,-15.296862,266.5967,647.05383,15.819996,428.37466,850.6402,-34.618675,273.46704,849.9539,-16.971552,430.05417,1024.6101,266.83044,281.05255,1017.907,355.10675,432.2421,1054.0343,286.18298,283.0186,1044.8776,377.3711,417.52545,1092.0396,78.431816,287.14554,1088.6094,180.13954
4.jpg,375.69403,247.81393,-723.897,380.52213,221.68958,-683.77814,389.75034,221.499,-683.84344,399.143,221.21269,-684.18445,350.95154,221.98477,-699.78284,338.69186,221.84172,-699.9714,326.42853,221.83669,-700.2406,396.9756,233.07741,-450.82922,297.1639,234.65218,-515.5785,387.50873,275.50845,-633.28204,348.24353,275.65256,-651.9327,463.04626,365.57983,-316.74234,205.08414,366.81696,-345.49026,524.4929,505.60083,-176.97366,149.27951,517.23126,-208.32837,501.90668,634.3558,-283.60345,156.74295,646.4499,-269.03186,504.30676,674.3283,-330.15942,147.26523,683.8864,-301.10825,487.31998,675.2165,-368.4186,167.9576,683.3116,-353.54388,479.71497,663.0379,-305.03278,178.17401,668.80786,-289.40887,422.38095,648.7328,-7.8483496,260.794,654.3922,8.021348,439.2664,856.6248,-134.71585,280.8002,864.6595,-12.1184635,441.63507,1043.7462,247.40396,293.38452,1043.3999,450.81143,440.6231,1074.3234,275.01187,292.22073,1072.2915,481.57608,439.9027,1115.607,35.2362,308.79636,1119.1362,252.21225
40.jpg,351.8893,270.95377,-726.1187,365.50482,238.72281,-702.54266,377.29886,238.45279,-702.6678,389.14685,238.08206,-702.8433,332.4031,238.26279,-708.3479,319.38065,237.48387,-708.5359,306.3002,236.79185,-708.8756,398.57336,246.81943,-490.64417,283.12378,244.67511,-516.1169,370.13797,296.716,-638.6368,325.75626,295.78928,-646.055,465.20184,354.89444,-362.7599,205.38693,363.33383,-348.61035,543.54614,500.8195,-313.36493,162.26889,517.297,-328.9607,521.7239,633.85187,-446.87878,169.01639,637.2119,-498.30823,526.03845,675.8835,-499.9997,156.50545,674.172,-562.87585,501.9391,673.1409,-527.7108,176.48665,674.0216,-605.75397,493.08984,661.4297,-463.0078,190.99915,661.19055,-521.30524,429.25403,640.92883,-11.070082,270.06885,647.44836,11.590729,431.6969,850.6445,-41.539383,274.7909,848.68835,-31.823402,432.47595,1021.8567,282.97168,281.96982,1015.6983,369.50168,434.94992,1051.5118,305.6881,284.3661,1044.0854,395.3686,417.39032,1090.4788,97.15855,285.73322,1085.7665,198.16986
41.jpg,362.01535,280.09412,-737.27545,373.15576,245.74487,-714.412,383.94913,245.1709,-714.49335,394.84613,244.51624,-714.677,341.07587,245.47237,-723.87665,328.2874,244.51332,-724.131,315.41693,243.61693,-724.48553,399.57886,249.37994,-502.21234,289.19693,247.85483,-543.0534,377.03323,303.45486,-649.2776,334.85602,302.71204,-660.99316,463.71234,354.82294,-363.7074,204.78004,361.80026,-361.7406,537.44604,501.53973,-304.11743,162.17224,523.064,-325.42606,507.25244,637.67566,-449.697,169.78944,645.1947,-481.45398,508.45215,682.33856,-500.14877,158.17831,683.30914,-533.5395,486.34167,678.611,-530.2411,175.31558,683.5203,-573.8183,479.188,664.2697,-466.54617,189.5614,669.5242,-501.018,421.3664,648.46796,-6.3246512,262.71722,653.1422,6.6935434,425.79492,864.87085,-4.8675146,273.70026,865.8277,-2.8588238,424.6073,1040.8354,316.47318,279.73187,1033.6718,365.20557,424.41867,1070.4548,337.59995,278.03387,1060.2751,387.86053,415.0202,1105.7358,114.42546,293.0736,1101.9962,176.01562
42.jpg,373.99106,271.95566,-647.7704,382.63306,241.97519,-619.30853,392.73975,241.94318,-619.42487,402.95892,241.81229,-619.6778,352.15533,240.8719,-632.30774,339.57974,239.8953,-632.5138,326.95023,238.99347,-632.7964,403.14362,249.7484,-412.41238,298.12903,246.11589,-466.97757,386.18726,297.05023,-564.1233,345.3394,295.37427,-579.9327,464.68243,362.89816,-314.31802,204.3821,362.8514,-316.13226,535.46844,509.84042,-295.26053,148.7808,515.26526,-298.67108,514.3108,637.7916,-454.71194,141.6687,640.1046,-436.49487,518.263,678.5762,-510.5644,126.71007,675.2681,-485.70367,494.384,675.14124,-535.3085,144.68042,676.96704,-528.2084,486.0861,663.4067,-471.23196,159.7388,664.74066,-456.94684,421.10733,648.9785,-10.929189,262.24228,652.9784,11.420817,428.1433,862.82007,-53.573803,272.04938,862.12866,-28.062496,429.73334,1040.314,255.96947,280.01575,1036.9541,350.6029,430.19562,1070.0188,276.96512,280.399,1065.6371,373.88058,420.80164,1108.8323,71.21128,288.2498,1108.7246,173.45854
43.jpg,382.1831,267.0412,-593.8552,389.2257,238.80095,-564.4581,398.78467,239.14961,-564.55273,408.5132,239.4013,-564.7917,359.14645,236.81471,-580.83014,346.47598,235.56725,-581.0685,333.7584,234.4043,-581.40857,405.12042,248.71379,-361.0183,301.7883,242.44295,-431.67618,391.67792,293.8148,-512.0685,351.7784,291.0231,-532.46344,463.02667,362.64575,-251.93643,202.0833,364.57068,-285.92044,532.7207,496.98926,-163.24347,147.3799,519.6917,-261.23486,517.9005,624.901,-305.09344,146.83374,646.39856,-390.02182,523.3483,665.6203,-354.5361,133.38928,683.7891,-436.63495,503.78644,665.10016,-387.2417,152.77281,684.05316,-478.22604,494.0004,652.83704,-325.30896,166.2355,670.0561,-409.48132,417.78094,650.01465,-11.8118105,257.62518,655.2222,12.227469,426.4784,867.1339,-38.580433,270.1459,867.2224,-18.989246,427.84424,1049.7439,252.99051,277.93234,1046.149,337.60455,426.56256,1079.5928,271.60596,277.06393,1074.2063,358.2599,422.06454,1118.2179,61.034527,290.2515,1118.8346,151.34312
44.jpg,371.55917,262.89716,-671.193,381.8332,233.02133,-642.80426,392.44495,233.29393,-642.9165,403.19104,233.46121,-643.1958,350.53134,231.21065,-654.3037,337.60907,229.95094,-654.5031,324.64752,228.80696,-654.82385,405.14288,242.6516,-432.6036,296.65005,236.4194,-481.7339,384.8484,289.5253,-585.8869,342.55643,286.77383,-600.2212,467.6391,361.17578,-320.34274,201.39255,358.937,-322.87033,528.17633,506.59207,-224.78278,149.45547,510.6064,-242.12248,502.6057,636.4302,-326.88184,143.3212,637.01184,-304.43262,504.5318,677.28406,-368.47375,129.38058,672.60706,-339.9488,485.73676,676.47437,-400.57642,147.61366,674.3898,-386.43002,477.20465,664.5716,-343.8991,161.95557,662.07324,-324.5529,418.2504,646.27124,-8.824843,256.4134,650.27704,9.288995,424.4109,859.70374,-61.300198,268.97144,857.70435,-43.211754,425.64087,1036.7964,295.3494,276.04462,1032.3408,381.77335,425.84045,1066.8934,322.38043,275.88043,1061.9071,410.00922,417.60846,1108.1077,120.46796,283.98898,1104.69,210.99667
45.jpg,347.26306,262.24078,-621.16284,363.69812,231.42177,-595.93176,375.55798,231.77542,-596.0506,387.51434,232.03357,-596.26025,330.46515,229.78578,-599.7647,317.7565,228.6949,-599.99036,304.97195,227.68146,-600.2848,399.30814,243.0783,-403.18497,284.60992,236.49078,-419.21484,366.40414,290.27084,-543.6382,321.83316,287.65442,-547.96606,467.3368,363.72925,-304.12167,206.17606,357.95416,-277.4023,532.494,515.2206,-242.03764,159.6984,511.49756,-249.11655,508.2232,643.09064,-364.44882,165.99092,636.46936,-386.40723,512.1241,687.2484,-412.0036,152.88339,676.39545,-429.94113,487.07883,685.5303,-436.51947,172.72745,679.41693,-475.90955,478.4401,670.68,-378.68127,187.24402,665.20044,-407.3665,420.99286,648.49524,-11.229629,262.8371,648.5113,11.658562,419.79965,857.35925,-29.80722,270.87695,857.06494,-5.686018,421.20062,1027.7444,265.83917,275.61377,1020.7855,362.07416,423.0088,1058.2109,285.21307,276.034,1049.1531,384.9181,404.2017,1093.0559,74.58446,282.2345,1088.8083,193.2265
46.jpg,337.90192,257.79306,-624.3511,354.8117,228.83841,-597.9583,366.61115,229.14308,-598.0609,378.52817,229.33368,-598.2844,321.9307,227.72748,-600.2745,309.75415,226.98706,-600.5033,297.51102,226.35612,-600.85266,394.00333,242.18745,-400.25964,280.82373,237.59067,-409.4712,359.38907,286.28342,-544.8871,315.49414,284.3755,-547.55194,467.84967,363.82678,-284.62573,204.24002,358.71307,-260.97797,541.1074,502.95163,-200.6695,150.62532,501.62698,-194.29735,523.3914,636.06165,-320.57297,152.98216,634.42773,-325.43848,529.6789,677.05316,-368.60867,138.98111,672.73303,-370.2382,507.07483,677.9739,-399.95764,159.80768,676.0238,-425.30084,497.3852,666.48004,-338.37802,174.68567,664.1006,-350.27652,423.26218,651.10815,-10.074734,260.58783,654.14087,10.421055,428.25577,863.2522,-41.186836,272.8256,866.1453,-22.985476,429.44965,1043.562,263.2621,280.3327,1038.309,358.0971,431.5775,1074.3267,281.55573,281.47943,1066.8539,380.7603,414.8381,1109.2179,67.1557,288.66763,1105.5681,184.68271
47.jpg,347.50067,251.63141,-579.85095,362.1591,222.9386,-549.6357,373.8196,223.22505,-549.7472,385.61304,223.40675,-549.9461,329.1369,222.10889,-555.1205,316.53326,221.65636,-555.348,303.8515,221.29317,-555.6981,397.2776,237.72946,-356.30374,283.89185,234.49869,-380.89923,367.57013,281.42722,-504.21057,322.78662,280.17114,-511.33957,469.82782,365.34195,-260.6136,202.89406,363.4842,-252.74756,538.2842,514.7389,-176.24503,145.56705,515.4572,-227.86203,516.93726,652.16376,-289.13654,145.075,649.8398,-351.10898,522.26996,698.3399,-332.0102,128.7876,691.4772,-391.94638,498.271,698.6262,-360.28986,151.88065,695.5472,-440.41754,488.9044,683.5881,-304.88077,166.97539,681.0445,-372.5195,426.24783,659.42883,-16.426977,261.92535,662.6948,16.9298,427.44077,879.1243,-46.461273,272.54022,879.4487,-16.501379,430.43982,1064.9583,224.39716,280.94196,1054.8477,347.83173,434.3146,1096.1964,240.0171,283.0996,1083.4272,368.77042,410.63257,1135.1377,23.931076,287.38553,1127.4065,170.75487
48.jpg,361.26166,246.04651,-609.68915,372.62302,219.96748,-572.24695,383.01526,220.70401,-572.344,393.5564,221.33878,-572.5722,341.55734,218.06677,-583.3982,329.2476,217.28757,-583.6244,316.84232,216.60258,-583.94293,397.97308,237.27408,-355.18185,292.1091,230.99173,-403.86688,376.20715,276.95383,-525.9464,334.0595,274.289,-540.2412,461.67975,369.24066,-244.61014,204.03494,365.31644,-257.21216,535.91876,514.87354,-155.68185,143.49329,522.2749,-229.07117,508.44598,653.9593,-308.26788,142.75026,660.5237,-375.88718,511.68246,700.2242,-364.18243,126.6576,702.56445,-423.1225,486.59766,699.7036,-395.2724,149.96957,705.4102,-471.93048,478.3642,685.04517,-327.95383,164.02347,690.66675,-397.74548,419.97778,665.10614,-14.495483,256.82956,667.6693,14.942766,425.84363,887.3139,-61.69999,272.65674,889.76636,-33.658096,430.68024,1078.3484,243.82774,282.74707,1072.392,355.94028,433.6955,1110.2041,261.93442,283.19733,1101.9572,378.8133,413.66364,1146.1187,30.523386,292.13754,1142.9742,160.6704
49.jpg,368.29846,236.49731,-689.4589,375.81082,212.98943,-643.1968,385.599,213.56761,-643.2958,395.53156,214.05902,-643.61115,345.20996,211.72426,-659.39795,332.75317,211.28131,-659.5574,320.26233,210.9768,-659.88776,395.14075,230.31218,-396.71747,291.98694,226.80336,-466.53305,381.13977,267.8142,-595.5268,340.1605,265.92026,-615.7328,458.89276,369.8713,-263.24802,201.45459,368.45166,-304.93658,521.69055,513.9781,-121.541046,151.85925,523.2137,-188.90092,493.62396,632.8499,-275.28317,165.92834,644.8971,-274.46912,494.02594,672.6818,-333.6256,159.04243,682.09454,-313.71527,475.67084,669.89124,-371.50354,179.27605,679.1891,-364.5547,469.07593,657.5165,-298.61072,188.27579,664.24426,-295.07178,421.81824,653.755,0.018043347,257.29648,658.65466,0.41470045,429.79932,859.03546,-130.64403,274.34998,868.1938,-72.289925,429.10577,1047.4237,268.30566,280.65494,1047.4559,376.50092,429.64203,1079.7363,297.42856,278.75616,1078.6853,405.43335,417.79706,1115.7974,57.96265,293.26144,1117.2643,171.44426
5.jpg,365.51526,242.91118,-557.97797,371.9079,216.02254,-520.03064,381.67844,215.96541,-520.13196,391.60132,215.81572,-520.38196,340.9227,216.37573,-535.8381,328.30005,216.51437,-536.053,315.59558,216.73347,-536.2639,390.71686,229.26332,-315.56485,286.86102,230.9836,-386.76306,378.82758,272.87656,-479.6829,337.7771,273.23654,-500.08203,460.56738,361.375,-231.51624,198.09183,369.69028,-253.02492,532.0722,508.60284,-122.2861,148.89717,527.3258,-216.9978,510.7942,646.66376,-255.34625,163.76833,657.2555,-332.5869,517.1268,696.34094,-304.78107,152.06134,701.9318,-366.422,490.58832,699.26337,-333.1344,176.35545,703.38,-413.76376,482.1713,680.7189,-272.1723,187.26706,685.0089,-350.71994,422.96658,656.8477,-11.494575,260.02338,664.8246,12.047445,429.08337,881.77606,-47.285393,276.4646,885.0727,-22.302305,432.23413,1071.2457,243.77196,281.95642,1062.8319,352.50546,435.7587,1103.8884,261.80334,281.82413,1093.599,375.11664,413.79636,1144.0022,40.89911,293.7865,1136.1426,166.20624
50.jpg,369.7506,230.64543,-596.25397,375.6192,208.28555,-549.156,384.71115,208.60428,-549.2707,393.97375,208.83548,-549.5395,346.2955,208.25981,-564.3892,334.47852,208.54765,-564.57996,322.59766,208.91219,-564.82947,393.4237,225.98502,-332.22546,295.9991,227.02835,-396.9823,382.88632,262.37955,-516.5098,343.5053,262.25464,-535.1722,462.96414,375.6521,-225.34029,206.64151,369.7811,-267.63226,527.9682,524.78894,-93.800476,143.12906,520.6604,-207.612,504.75116,649.63934,-256.87778,150.07141,661.10944,-317.9311,507.37158,694.056,-312.33792,136.79626,705.71857,-348.7055,486.06482,693.41455,-349.20193,162.28563,708.9338,-401.867,479.0818,677.269,-278.86005,173.15573,690.61084,-337.89246,417.32877,664.0614,-9.09979,255.85854,663.9298,9.583781,419.92822,887.05676,-72.06077,271.67258,887.2323,-50.61071,424.68317,1075.9946,246.74103,276.50974,1066.0186,347.33945,427.6074,1107.9487,265.38898,274.62253,1095.2302,370.91937,405.36395,1144.1555,24.458315,287.8613,1137.9323,144.71475
51.jpg,376.03467,232.10881,-567.99866,380.40543,208.84747,-520.5818,389.24823,208.9959,-520.7251,398.27847,209.04611,-520.99176,351.04352,209.14473,-537.76324,339.01767,209.47543,-537.94446,326.94626,209.87071,-538.11316,395.0162,223.64836,-312.2443,298.68524,225.8812,-384.73602,387.72034,264.01865,-492.68884,348.98846,264.16132,-513.06775,465.53473,376.22723,-229.80746,202.29172,367.93365,-269.6596,527.9416,522.5482,-91.593704,142.48251,513.45215,-203.61688,507.9982,646.00354,-229.75533,151.70387,646.4695,-300.5584,511.50998,692.8639,-277.20306,138.45175,691.6921,-325.4618,487.91318,694.6543,-312.61267,162.49464,695.93555,-379.62463,482.68405,674.44653,-249.60869,172.7993,675.0092,-319.26764,414.8032,659.13885,-7.872024,253.29517,658.7292,8.525923,417.54803,875.0049,-72.49993,265.06137,877.73755,-11.195556,420.5028,1060.4089,206.21436,268.05286,1052.3553,370.98846,421.98883,1094.8519,222.34982,266.65424,1083.4989,393.53833,404.01886,1129.1066,-12.897051,279.58905,1126.0717,175.85066
52.jpg,385.2054,238.48193,-671.0141,387.18918,214.74678,-622.31744,395.67844,214.79272,-622.42114,404.34656,214.75996,-622.7747,358.30066,214.81908,-643.8402,345.98676,214.86171,-644.03436,333.65674,215.03586,-644.3269,396.9933,228.84213,-378.2079,300.78766,230.42479,-470.33496,394.33582,268.18073,-578.32056,356.14334,268.17715,-604.8713,459.73877,367.04852,-247.38007,206.11255,370.42828,-305.85635,526.98804,504.20215,-83.918686,148.1199,522.80237,-174.99347,503.7294,629.7255,-220.27084,161.83978,655.2854,-225.78558,505.53656,671.14514,-272.05255,154.90219,696.0225,-253.48967,488.1461,670.35114,-312.85034,177.74132,692.4573,-304.68066,481.2412,658.28394,-243.93782,185.63875,676.39624,-244.22112,423.77686,655.9554,-4.7603745,260.6149,661.89545,5.030332,433.30386,864.5358,-194.5145,279.1826,872.76697,-62.57786,435.5396,1056.5419,180.5357,287.6196,1053.2242,408.51746,436.85205,1089.4299,206.79207,285.2902,1084.0311,439.71375,426.0173,1124.6146,-44.78328,301.68033,1124.4846,200.97755
53.jpg,389.96466,247.56873,-715.58203,391.4749,225.33597,-668.777,399.51694,225.79596,-668.92957,407.7487,226.16956,-669.32544,363.89407,224.04347,-691.98883,351.85638,223.45746,-692.12573,339.81015,223.01622,-692.424,397.95746,238.51834,-419.9179,305.6534,235.557,-520.1583,396.62766,275.98767,-619.852,359.97403,274.10922,-648.87646,458.1634,370.10257,-293.66635,206.09322,371.4124,-342.4144,525.70386,509.0838,-152.30411,154.62936,524.4869,-210.04669,500.29315,625.8747,-299.94073,168.14343,647.22363,-259.8447,499.56635,665.3326,-356.08453,163.03313,686.16003,-290.31033,481.85236,661.6422,-393.77975,182.6308,681.05786,-341.27197,476.0701,650.06525,-321.6792,190.26787,665.68494,-278.30786,424.25082,648.64575,-4.9200206,263.2146,655.72345,5.276341,433.2541,848.69226,-189.67592,281.4189,856.4609,-47.003857,433.92868,1032.0691,209.4653,290.23538,1028.3932,457.81802,434.3428,1063.8668,239.6061,288.66635,1058.8036,492.92834,428.01694,1100.9414,-0.8028677,303.98724,1099.999,263.1599
54.jpg,390.3406,262.18152,-876.7656,391.90323,236.71306,-832.067,400.20084,236.50932,-832.2638,408.6287,236.2221,-832.6145,364.2271,236.6133,-854.0458,352.12952,236.20027,-854.0982,340.00116,235.89932,-854.379,399.89105,245.42513,-562.00226,306.10156,245.87231,-655.57855,397.7899,287.50348,-771.2176,360.77774,287.0978,-798.4204,458.47522,368.3834,-404.70352,210.09213,375.5574,-451.68756,526.5339,512.78455,-315.12518,158.3297,536.1083,-381.4331,506.45187,631.9263,-520.08887,167.68051,660.092,-526.0798,507.33728,670.3845,-589.563,161.16946,699.62445,-578.31946,490.1285,666.35974,-631.02026,179.52211,694.1571,-631.8447,483.35284,654.86694,-544.98615,189.1412,678.4696,-548.7719,425.53653,650.3087,-5.2406254,266.50754,657.7755,5.769203,432.81674,855.88684,-152.38599,280.71765,860.4144,-77.4126,434.4942,1033.5948,272.4631,288.19858,1032.861,431.23172,435.4333,1063.7317,304.78763,287.1294,1062.2966,466.6431,428.57916,1101.588,65.39214,300.1569,1105.5071,232.03271
55.jpg,385.99606,269.21545,-827.94556,389.58224,239.80829,-789.62476,398.49533,239.33931,-789.72217,407.5256,238.79958,-789.9696,360.35706,239.83932,-809.477,347.97733,239.31781,-809.6087,335.5462,238.86713,-809.9131,401.2505,245.61427,-538.4773,302.4026,246.30746,-623.6712,394.9289,293.05157,-728.1652,356.15735,292.86523,-753.0164,459.98184,361.8334,-388.36594,206.11076,368.5715,-436.21594,531.1766,509.02588,-327.99402,157.68863,531.79285,-400.24228,508.63043,636.8593,-520.9238,163.70905,658.49524,-559.007,510.60715,679.0845,-579.6961,152.10722,697.906,-611.8087,491.38214,675.4917,-618.65436,170.90324,697.3235,-657.2775,484.47278,662.035,-543.6091,183.2124,681.92834,-579.1715,418.6649,646.2346,-4.9065595,259.17273,651.9428,5.398333,422.84827,860.36786,-27.009504,270.57184,860.7931,-26.119488,421.82196,1039.104,349.7556,277.1262,1034.2477,413.0,422.1847,1069.4469,376.43237,274.5793,1062.2795,440.9613,415.30432,1102.735,144.58723,292.91403,1104.2516,208.91422
56.jpg,374.86072,260.92184,-659.0127,381.83945,231.60841,-624.8511,392.0311,231.40399,-624.97644,402.33624,231.11314,-625.266,350.8713,231.22244,-640.0308,337.8225,230.65295,-640.2347,324.70517,230.1692,-640.5847,400.86978,241.86205,-401.63892,294.292,240.78564,-467.29892,387.18768,288.47116,-571.1037,345.45782,287.8499,-589.88043,460.0019,363.94965,-285.4089,204.6094,370.32886,-315.0276,531.0511,509.04803,-237.61383,157.02951,530.3425,-302.31244,502.9104,642.8781,-424.3824,162.47232,639.1195,-492.26337,505.28778,686.76056,-488.62,152.84187,674.27704,-562.18835,481.9715,682.4816,-519.505,171.38892,668.2953,-598.04816,474.4119,669.29126,-445.62756,183.20776,654.9129,-512.4624,423.06277,656.1003,-7.068303,262.21207,661.70746,7.5972824,430.60638,870.16516,-58.602577,273.5544,869.22626,-36.012768,431.35852,1052.0385,266.11053,282.37943,1047.0015,368.31213,431.94568,1083.6058,288.08124,282.49585,1077.4684,393.23837,423.08292,1120.058,66.31035,293.7395,1118.2242,180.01242
57.jpg,379.3057,256.20984,-690.6701,381.94217,228.80862,-652.7392,390.91724,228.30171,-652.84985,400.05536,227.70822,-653.21204,352.18936,229.8833,-670.7307,339.64786,230.0695,-670.9378,327.09033,230.36073,-671.2027,394.82285,238.58453,-428.05768,294.69122,243.00473,-503.35538,389.88892,283.2776,-601.97253,350.6706,284.4934,-623.7653,463.40393,366.83856,-300.97827,202.05692,374.57227,-321.18896,531.3974,507.00232,-161.62491,149.09578,525.64484,-195.35188,510.4593,631.3317,-300.32306,160.49869,645.90686,-264.69897,513.2842,671.98944,-352.16122,152.08746,684.02423,-298.036,495.13202,671.04205,-390.56183,172.43372,681.5633,-346.80862,486.98776,658.4363,-322.44443,181.90741,666.33435,-283.70245,423.58984,651.59106,-17.135054,261.36163,659.97,17.425879,434.4555,864.33905,-67.53771,279.67892,871.5318,-6.07705,437.68683,1049.8357,280.9928,289.99948,1048.9076,426.9726,438.6314,1080.7595,304.25967,288.67703,1076.7966,454.53568,430.6271,1117.4276,70.11117,304.94122,1122.1707,225.84839
58.jpg,378.57965,248.82732,-683.0691,382.27277,223.57072,-641.4215,391.194,223.42271,-641.53564,400.25394,223.18391,-641.8594,353.2568,223.88191,-658.038,341.1575,223.9058,-658.22577,329.01505,224.03561,-658.50684,396.39752,236.0083,-410.56482,299.02515,238.08432,-481.58008,389.83276,276.86188,-593.9741,350.96637,277.16852,-614.5705,464.7912,366.74188,-292.5754,207.89825,373.17383,-317.11554,542.2202,508.6222,-204.92084,156.99966,528.657,-239.32173,508.36887,634.4408,-369.88342,171.03532,659.42206,-365.8435,507.85922,675.7117,-433.5518,163.38388,700.3124,-414.3388,485.53625,672.1619,-464.75208,184.55688,697.19006,-462.06104,480.41992,659.23096,-390.59326,193.55414,681.1135,-386.27667,429.5233,657.75244,-10.910601,267.1518,664.6638,11.297994,438.31213,871.8727,-115.07156,283.72827,878.44904,-54.56417,439.42682,1061.8269,247.4008,291.62463,1059.9033,369.73193,441.09064,1092.6416,272.0804,290.5564,1089.5511,395.9478,428.45126,1132.1957,33.934002,304.15002,1132.7616,164.58774
59.jpg,383.2413,250.19319,-668.89,384.3133,224.4618,-627.5472,392.7495,224.02502,-627.68335,401.38428,223.49118,-628.0672,355.93066,225.42719,-647.399,343.66663,225.63031,-647.58417,331.39377,225.95718,-647.8346,394.2894,234.72784,-401.91626,298.82126,239.13397,-486.09433,392.73907,277.27817,-581.8703,354.7734,278.45255,-606.0583,463.7622,364.51556,-294.52185,203.2399,373.14127,-323.97406,537.01715,502.53668,-188.50111,145.6999,527.1204,-233.52159,510.68954,632.33563,-321.57904,154.94977,651.22766,-306.385,511.93628,673.8448,-375.46442,147.07553,689.76874,-345.75897,491.1396,673.2483,-407.75058,168.08505,686.0697,-387.8175,484.4651,660.7656,-341.062,176.82077,670.9854,-323.2971,427.69485,651.5425,-12.107384,264.77307,660.04443,12.404737,440.43036,858.97,-173.15295,279.32904,869.0812,-8.127158,438.62607,1050.5913,156.36836,288.7246,1048.196,437.33734,438.3039,1083.0287,178.97006,287.7327,1078.3845,466.2719,435.93073,1120.6813,-55.34483,301.463,1122.5441,244.29396
6.jpg,346.37524,240.67186,-518.0156,356.54987,213.03514,-481.59204,367.51193,212.4991,-481.7093,378.6075,211.87477,-481.8831,324.1821,214.8105,-490.64133,311.71475,215.53104,-490.83524,299.17218,216.32999,-491.12476,386.95126,225.32822,-286.1694,277.68073,231.2374,-328.3144,366.0976,269.92297,-444.5672,322.82513,272.20297,-456.41873,464.908,360.63937,-212.82648,200.39462,369.72363,-224.46211,529.54767,521.9097,-128.6524,157.87427,529.4289,-208.68141,506.68582,653.2723,-266.8462,169.61658,661.5488,-329.37152,512.7429,702.4244,-317.17734,156.04507,707.29297,-364.3358,483.82065,702.79486,-339.631,181.73407,708.5347,-411.71222,475.91553,682.9454,-280.3197,193.61887,689.9872,-348.16595,425.4108,659.9278,-10.255013,261.41705,666.55115,10.933123,424.44424,884.1979,-45.3109,271.85452,887.5254,-31.727621,426.74466,1071.7032,229.43735,274.317,1063.4844,338.00046,431.95764,1104.3163,246.0459,275.32465,1095.1704,359.74915,403.60327,1145.421,30.874905,283.87106,1136.4923,160.01462
60.jpg,385.4709,248.33493,-728.3396,385.3225,224.05125,-683.6548,393.21405,223.83162,-683.78174,401.2468,223.53876,-684.1526,357.90128,224.71223,-704.5281,346.01514,224.94818,-704.69275,334.07275,225.2778,-705.015,391.8949,236.05215,-442.1167,300.26184,239.72237,-534.88654,393.5725,275.76773,-635.3325,356.71478,276.5704,-662.33636,457.8641,369.8612,-316.30835,206.16463,374.89297,-354.6505,530.12054,517.06866,-204.00073,148.56917,528.49164,-274.47064,497.5329,647.0205,-391.30188,161.63217,656.1026,-390.5118,496.2589,690.6349,-456.76508,153.86636,698.5997,-436.024,476.1535,687.6365,-492.5428,175.5231,693.9679,-485.6732,469.97406,674.1271,-414.11743,183.77892,677.4751,-411.1053,421.56387,659.7513,-13.371444,259.16632,665.8633,13.755702,425.6176,878.44293,-89.22885,276.33786,881.50806,-62.78885,430.29175,1068.4056,288.48102,284.54175,1065.2974,389.9865,434.2535,1100.278,314.5216,282.23285,1094.8698,418.87253,416.98898,1134.3457,71.61557,298.9195,1136.747,177.98996
61.jpg,395.82416,248.37753,-669.0886,393.17703,226.74467,-622.8734,399.6616,227.00697,-623.0515,406.3673,227.18176,-623.4401,368.8339,226.1705,-648.995,357.68457,225.93524,-649.1607,346.51465,225.83081,-649.47723,391.82248,239.04547,-383.37097,310.68466,239.11975,-498.51935,399.32712,276.3526,-576.77075,366.62216,275.30078,-610.05994,453.47153,375.95142,-270.1566,205.62595,375.97156,-329.24762,520.2247,523.6964,-128.89624,146.97443,528.372,-220.69409,501.18713,632.86084,-294.59174,160.1722,651.4682,-284.88684,500.7932,671.15967,-354.1594,153.68723,693.2798,-320.31787,484.15405,665.7205,-390.27765,175.05754,686.90753,-368.66162,478.18814,654.4488,-316.68677,182.36986,670.03973,-303.14032,420.7283,660.73236,-4.2530484,260.21973,667.05194,4.647999,425.87976,865.8429,-164.07433,274.9755,873.3456,-22.385855,422.73007,1055.7384,201.93158,281.80283,1050.433,466.84415,422.6155,1090.1952,228.55782,278.4923,1081.5819,500.77948,416.69794,1119.1975,-11.181038,297.3068,1119.2386,275.3824
62.jpg,402.58725,247.43388,-638.93787,398.36768,224.49289,-597.95435,404.10782,224.6607,-598.1179,410.09534,224.73695,-598.5188,376.08505,224.03978,-625.3002,365.4969,223.77606,-625.5121,354.875,223.62344,-625.7521,394.1721,236.13144,-386.3656,318.40817,237.02454,-505.2237,404.1762,275.9837,-557.036,373.79916,275.06094,-591.2875,457.33005,375.5673,-299.21576,206.0251,374.59375,-354.34137,526.83276,523.23016,-175.08711,143.51541,530.3166,-281.96152,515.42365,638.0926,-325.17148,149.91025,666.655,-363.77,517.2835,676.95056,-381.85327,138.82088,709.2988,-400.33258,501.22504,673.75574,-418.87524,161.28314,707.4896,-448.83823,493.9655,662.5255,-347.60587,170.99402,690.5792,-383.66153,422.68127,658.9389,-5.9995275,263.1128,664.7433,6.410927,433.58322,864.00226,-151.01108,280.07187,873.4938,-0.44308248,430.8866,1051.7323,191.68854,290.28668,1048.7523,464.5694,429.01276,1085.9141,216.0334,287.594,1079.5912,496.5387,429.40662,1114.8353,-16.0832,305.0548,1116.5394,279.51627
63.jpg,403.62054,252.26012,-580.96814,399.92572,228.15216,-544.0833,406.22604,228.18855,-544.22864,412.79556,228.11711,-544.6367,375.88617,227.99976,-569.9795,364.64847,227.83293,-570.2461,353.37448,227.76306,-570.43616,397.48752,238.67484,-346.79825,316.4871,240.34937,-458.6344,406.30792,280.17996,-503.89462,374.17188,279.6699,-536.0271,460.2678,367.55185,-259.8718,205.52382,374.55496,-320.32092,533.22015,500.3323,-121.45047,139.6912,526.4043,-274.6607,524.55817,621.99274,-236.7724,144.63495,663.89105,-355.0032,528.3662,661.97723,-279.01132,132.1254,706.6339,-389.37772,510.08868,661.5046,-314.5181,153.68864,706.3939,-429.82315,501.59656,648.9253,-256.9474,164.52692,689.5124,-372.00293,422.66373,650.5884,-7.0620575,265.29926,659.10345,7.363298,435.12997,861.10034,-33.841106,280.06506,864.97504,31.214584,430.28168,1042.8593,248.43065,288.71872,1040.4209,429.55383,427.66998,1074.3221,266.476,285.74094,1068.8884,454.51825,431.02475,1106.8958,58.708572,304.7704,1108.9014,249.15363
64.jpg,401.10852,248.20914,-645.2809,398.55463,225.68393,-599.319,405.05438,225.93547,-599.4322,411.7771,226.1,-599.75134,373.8891,225.11281,-626.172,362.74167,224.90907,-626.40985,351.53745,224.78145,-626.6854,397.74277,238.58142,-366.04395,315.4576,238.77614,-482.9344,404.6271,277.04916,-555.60535,371.84674,276.07922,-589.53375,460.07596,374.0351,-250.61316,208.33469,373.82037,-327.4399,534.732,520.0716,-123.618385,145.10599,528.98816,-275.37595,518.34875,643.3954,-311.39154,153.27045,666.7122,-405.80167,520.91406,685.36066,-377.3544,141.15836,710.51166,-451.54474,500.37323,682.3793,-415.5478,164.27711,708.9263,-501.22632,492.75845,669.6015,-336.30923,173.9855,691.6585,-426.84964,425.5824,665.3669,-1.5314181,261.41602,671.0524,1.9433409,433.86713,879.4204,-125.949265,281.67282,886.31055,-47.971058,437.5763,1072.0669,206.00516,292.66385,1068.1622,402.20605,438.57416,1105.4323,227.30951,289.57687,1098.0995,430.7231,429.50458,1136.7211,-25.574419,311.5344,1138.0852,188.33823
65.jpg,392.62537,243.0509,-781.0166,392.17096,219.70213,-732.3227,399.992,219.69507,-732.5071,407.9804,219.60715,-732.92816,364.79767,219.73889,-756.7992,352.6949,219.68553,-756.9077,340.54944,219.74991,-757.2511,396.93433,231.94814,-471.1664,305.1472,233.58385,-578.3784,399.58826,271.00333,-680.7916,362.72632,270.89264,-712.0739,460.8487,371.1139,-343.61435,204.75023,371.05203,-397.83295,530.7705,523.65076,-256.55646,144.5913,526.51874,-323.7472,510.00473,646.83527,-470.24646,155.24747,662.17926,-441.93604,510.9648,688.1096,-542.6222,146.88754,705.5771,-488.0411,492.43573,684.1037,-581.4861,168.74529,702.06287,-541.2965,485.37524,671.94135,-494.96344,177.99805,685.72797,-463.75122,426.20422,657.7779,-5.7696733,261.354,664.4154,6.364771,434.6046,868.05145,-179.7947,279.72287,876.05194,-76.52313,437.37854,1058.636,231.18788,290.8539,1058.0544,435.99707,440.06146,1091.7509,261.75656,289.21802,1089.8848,470.8189,427.79025,1125.2058,15.779072,305.997,1128.3527,232.96011
66.jpg,381.49094,241.70583,-756.66833,384.2318,217.67664,-711.9366,392.54987,217.92513,-712.0279,401.01678,218.0831,-712.38293,356.17844,217.096,-731.6542,344.3611,216.79187,-731.8357,332.51367,216.6118,-732.1106,394.58264,230.60918,-461.9137,300.91895,229.76424,-547.2738,390.3752,269.9527,-659.56824,353.14542,268.9656,-684.4684,462.69333,363.88046,-323.8477,203.12347,365.51328,-365.21588,531.8821,509.79504,-185.8008,146.17357,519.83203,-249.69041,502.4267,640.72217,-337.3709,159.8345,649.1845,-331.24557,502.71365,683.8522,-395.1671,151.56648,689.84326,-369.3083,483.58038,683.3365,-433.964,174.45602,687.17883,-421.5758,476.9865,670.2937,-360.17606,182.53073,671.3898,-351.28464,426.32874,656.97394,-5.750077,259.80072,663.6178,6.0206327,436.68777,873.8614,-150.39969,280.48804,882.114,-67.11976,443.3343,1068.7455,253.49205,291.44574,1067.7148,412.108,445.03876,1101.5363,282.7162,289.7857,1098.1034,443.5337,436.37726,1139.1925,27.550865,306.3937,1142.5428,194.19592
67.jpg,374.39014,238.79942,-739.86084,376.9016,215.36267,-692.4806,385.279,215.21864,-692.5458,393.8219,214.9876,-692.858,348.5455,216.13666,-712.0114,336.7279,216.42343,-712.2482,324.8906,216.85126,-712.55743,389.6435,228.78831,-444.45828,295.17502,232.34906,-526.2814,385.2106,267.79077,-645.3137,348.1167,268.66895,-668.9631,455.6192,363.94788,-284.5882,205.11734,370.5231,-355.24957,526.2896,492.35803,-79.25442,136.09119,520.77527,-226.42058,508.406,617.3416,-164.1851,141.56953,656.5084,-282.79602,511.9452,656.4437,-202.45226,130.86569,695.4732,-308.235,495.9167,657.98737,-246.50803,154.7687,694.0251,-364.09705,488.10352,647.347,-187.20624,163.9705,679.6563,-302.9496,419.25677,654.1864,-3.6959765,256.07468,660.0753,3.7772715,432.84235,869.48035,-203.92897,276.255,879.91455,-63.90525,435.22168,1069.1147,174.41638,289.38492,1069.5493,403.02313,434.95578,1102.7079,200.0556,287.92468,1100.1052,432.93512,430.61426,1138.2744,-63.92193,306.27368,1144.4362,182.16864
68.jpg,366.75946,235.7904,-550.787,371.4693,208.55975,-508.62177,381.11783,208.31268,-508.70874,390.9155,207.96553,-508.93622,340.31308,209.5252,-526.355,327.433,209.97794,-526.5437,314.47482,210.49197,-526.75433,387.50674,220.88957,-299.86847,284.0286,225.0187,-382.37268,379.52896,266.6953,-473.1828,338.29514,268.01645,-496.47595,461.2466,362.16714,-229.44162,189.53244,370.46774,-268.5103,535.45624,520.1289,-120.38436,136.27754,532.6282,-255.18033,518.1005,656.9891,-267.74313,146.65129,668.94794,-377.1024,526.17645,708.5445,-322.1931,131.55168,716.8445,-410.95648,494.9085,712.25055,-347.47516,159.33577,719.42554,-460.24097,486.85977,690.3358,-283.63715,170.5534,698.19415,-395.04764,422.621,668.7089,-7.0042133,255.79132,676.0075,7.7281194,427.00623,901.6754,-45.448685,269.18085,904.25525,-30.585709,426.80145,1095.8835,235.7427,270.86288,1087.1981,346.058,430.4685,1130.9491,253.15262,269.5195,1120.878,368.35614,405.29358,1172.6096,26.009003,286.65216,1163.1406,154.45801
69.jpg,365.1195,236.0477,-579.2349,369.37787,209.71796,-536.90936,378.8952,209.41057,-536.9848,388.57605,209.00923,-537.28217,338.3556,211.05972,-554.1318,325.64966,211.69206,-554.32904,312.877,212.41702,-554.501,386.2398,223.47931,-323.1527,283.2011,228.89397,-399.6845,378.63684,266.87805,-498.56113,337.65344,268.57928,-520.4885,462.7636,363.47122,-230.55602,194.59436,372.51773,-258.72217,538.92096,508.41046,-90.7041,138.129,527.1699,-206.22086,518.2656,650.1534,-227.24387,152.33337,660.9259,-324.25446,524.4452,701.0534,-276.27295,140.0549,706.82794,-355.351,498.12347,704.8312,-308.95187,165.6501,708.7547,-406.12424,489.93787,685.3259,-246.23534,176.10852,689.59607,-342.71094,425.98056,665.65594,-12.734491,259.83505,673.03845,13.2986145,432.97946,895.73126,-65.4323,278.82782,898.0095,-26.418676,437.4673,1090.9513,237.29413,284.44937,1082.1138,364.77325,440.86096,1124.2612,255.43059,283.64398,1113.4098,387.97833,418.43402,1163.9603,18.371466,298.59247,1156.1598,162.43257
7.jpg,335.04575,245.25209,-483.56674,347.21375,216.26692,-451.27792,358.69086,215.43791,-451.3896,370.30698,214.51901,-451.54584,314.32196,218.69946,-456.47263,301.94455,219.591,-456.66608,289.50253,220.55763,-457.0033,382.9927,227.05731,-266.71527,271.3355,234.70721,-293.08597,357.57474,273.46213,-413.7939,313.43814,276.61066,-420.89557,464.84024,358.67535,-196.65851,199.66368,371.7601,-198.00797,530.63464,519.71906,-106.2584,159.1933,531.4814,-183.70506,511.05405,656.8171,-218.35603,169.218,660.2305,-297.18848,518.8,707.3512,-262.41675,155.28123,704.65765,-330.44275,488.4224,708.6385,-282.57983,180.60258,705.5732,-376.04144,479.8494,687.86365,-229.20605,193.03265,687.6238,-315.25568,424.88907,661.1906,-9.086594,261.20392,668.79504,9.76989,424.35016,887.0333,-41.13121,270.99872,890.73114,-33.937027,429.05542,1074.3826,222.24826,273.18896,1067.9015,323.10837,435.0484,1106.7926,238.18556,274.39346,1099.8455,343.83356,404.61237,1148.6525,25.589943,283.73145,1139.8923,148.90094
70.jpg,361.1808,234.99332,-647.51135,365.50443,207.67702,-604.90765,375.33627,207.08205,-605.01324,385.29315,206.39508,-605.25934,333.77136,209.9328,-621.2498,320.85648,210.93962,-621.4212,307.86566,212.0351,-621.60657,384.01135,220.60547,-386.72424,278.38177,229.03738,-460.3981,375.93808,265.47916,-565.2114,333.97375,268.41803,-586.1578,462.16507,358.993,-290.84937,192.39478,375.0592,-319.36063,531.5893,510.39362,-155.41559,136.04623,533.6088,-297.3661,510.7692,649.9449,-299.8102,143.93797,664.6453,-433.7859,517.5893,700.9447,-351.01987,128.87097,710.686,-470.43777,490.4042,704.8292,-385.3674,154.1633,713.53204,-522.6838,481.87363,684.9824,-319.20596,166.11143,694.0125,-454.45776,426.14813,660.73254,-12.384024,259.2638,669.9349,12.941923,430.00687,889.52527,-57.107067,272.17462,891.5944,-29.743473,432.96802,1080.3342,255.01968,275.91602,1070.5294,373.3269,437.34012,1113.4868,273.75488,275.32504,1101.6411,397.6085,411.0715,1153.7203,36.73001,288.58932,1144.2009,175.45996
71.jpg,359.88422,234.74997,-683.97675,364.21127,207.39839,-637.7209,374.0274,206.83388,-637.8251,383.93985,206.18333,-638.0682,332.60858,209.63834,-654.8767,319.7362,210.67896,-655.02386,306.77835,211.80241,-655.2237,382.56842,220.46983,-407.16098,277.95712,228.90398,-487.07953,374.98822,265.61932,-597.93524,333.0434,268.54388,-620.74286,461.80414,363.73755,-309.73126,191.24,376.32355,-346.39447,531.3879,521.2828,-181.10461,134.58208,533.7279,-329.91272,511.43976,655.7598,-348.41495,146.23055,671.50085,-484.16754,518.49725,706.309,-406.95096,130.78726,719.80615,-525.9521,491.54965,709.9828,-441.45016,158.20045,723.65656,-581.8177,483.22992,689.2776,-368.84436,169.55865,702.9103,-506.47778,426.45514,666.07043,-10.433288,259.13812,674.9782,11.122274,432.7915,898.3762,-58.558277,273.53955,900.8732,-37.833168,436.2154,1090.8993,266.441,276.8037,1081.8776,392.86743,441.8722,1125.509,286.4153,276.07935,1114.9955,419.18097,411.73126,1165.2163,45.92968,291.7381,1154.6914,194.75562
72.jpg,360.60132,235.7026,-600.05273,364.50406,208.32858,-557.2221,374.2357,207.76755,-557.3319,384.1066,207.10834,-557.5991,333.01215,210.49176,-574.3223,320.07233,211.48924,-574.49243,307.0666,212.57208,-574.6552,381.8708,220.81888,-345.63843,277.2734,228.95459,-423.86548,374.92188,266.48785,-521.1461,333.33917,269.30014,-543.2815,460.9839,358.3603,-263.63873,187.39487,377.595,-303.72217,531.80676,508.1877,-127.94373,133.55345,537.57776,-284.84393,517.2294,645.599,-259.40125,148.72171,675.0807,-391.52527,525.80566,696.8578,-304.72766,135.22215,723.7068,-420.87555,498.69125,702.1439,-336.24353,162.79951,726.5794,-471.23584,489.53793,681.2088,-276.90067,173.5663,705.27344,-409.79886,426.3877,660.9398,-11.10218,259.8864,672.41187,11.788359,431.68106,889.3513,-48.246304,274.55127,893.1873,-18.123167,433.28918,1076.0913,240.45886,278.727,1069.4471,371.62228,437.4411,1109.4697,257.84863,278.54492,1101.337,394.76505,413.09726,1151.6957,32.17274,293.53992,1144.189,181.06091
73.jpg,359.7084,237.01918,-634.07904,363.8829,208.389,-590.70685,373.86774,207.50597,-590.8052,383.9547,206.54443,-591.0299,332.0505,211.22249,-607.13586,319.0664,212.39413,-607.28644,306.0045,213.64148,-607.46655,382.7539,219.10995,-371.3421,277.0431,229.38303,-448.05508,375.09778,266.75394,-552.06604,332.8896,270.46066,-573.67206,461.75534,358.1208,-286.99863,191.39738,376.5516,-319.3157,530.25336,513.93506,-166.25635,145.88779,539.2245,-300.2074,515.90564,647.12573,-327.61844,164.99835,670.68256,-442.98578,525.306,698.1077,-384.5856,152.62494,719.4145,-482.332,498.18893,703.00635,-417.09503,179.87566,720.66754,-535.52216,489.35547,681.48645,-346.83875,189.75552,698.77844,-463.51202,427.99677,657.90717,-9.025028,262.6126,668.5936,9.766972,431.78256,883.30756,-47.534584,276.63104,888.00757,-32.50807,431.56888,1067.1617,262.50882,278.93982,1061.746,374.10385,436.5409,1101.1688,282.16113,278.0318,1094.9181,398.99097,408.55862,1141.151,55.20072,294.39166,1133.9928,185.4126
74.jpg,358.52994,238.41316,-568.54175,363.8,209.32222,-528.27466,373.91058,208.60025,-528.368,384.14313,207.78923,-528.5871,331.86124,211.52707,-544.4874,318.8669,212.40454,-544.6779,305.78473,213.35031,-544.90533,383.62964,220.00314,-318.68524,277.1392,228.01025,-395.50644,373.80682,268.32205,-489.72562,331.5901,271.22824,-511.3949,461.33914,357.27707,-243.07858,189.78943,372.85248,-275.01013,534.31696,517.9939,-133.95303,144.8101,536.36774,-259.17053,514.3757,655.94763,-281.75092,162.4916,667.12256,-390.3792,522.4654,708.2982,-337.48596,149.603,714.6768,-427.67645,492.14923,711.8008,-362.21088,176.67114,715.476,-477.05533,483.7402,689.61206,-297.1476,187.14615,694.38367,-409.06958,429.36508,663.9574,-5.196993,262.47302,675.1057,5.939745,435.57968,893.2093,-39.049236,277.7989,899.626,-29.921196,436.24475,1083.4269,248.21397,279.7442,1079.098,356.86008,440.92175,1117.9476,266.03973,278.74194,1113.0134,380.18002,414.401,1159.4913,41.61585,296.6571,1151.9349,168.31757
75.jpg,360.11407,239.34334,-577.6963,364.95346,210.58665,-537.0609,374.93628,209.97348,-537.14246,385.04834,209.2695,-537.3512,333.1275,212.55995,-554.0835,320.1147,213.37248,-554.27527,307.01465,214.2506,-554.50226,383.78088,221.98254,-324.673,277.44,229.29474,-404.79626,374.7998,269.38147,-497.5833,332.7163,271.97888,-520.3232,460.63593,356.55988,-243.73842,189.91064,373.4413,-276.7322,537.94244,513.4309,-130.4788,144.18083,537.21765,-261.2387,523.4784,651.7864,-284.66318,160.09947,668.8531,-396.964,533.1301,703.4193,-340.67975,146.9104,715.8696,-433.5373,503.7196,706.96906,-367.78915,173.36769,716.6157,-484.68533,494.14948,686.29443,-301.51657,184.60245,696.2554,-416.65332,432.86304,661.75854,-7.5206656,264.9148,674.16534,8.255718,441.56073,894.0779,-44.714493,281.78214,899.8052,-28.475613,445.30167,1087.6858,242.23352,284.4362,1081.272,359.40244,450.35812,1121.8027,259.6732,283.47498,1114.3776,382.88184,424.7353,1164.7637,32.442284,300.70914,1155.6765,168.40074
76.jpg,363.38507,241.69742,-568.9511,366.58807,212.40587,-529.09247,376.27594,211.60692,-529.1665,386.107,210.71649,-529.38116,335.12344,214.73642,-547.87787,322.04022,215.63853,-548.05927,308.88553,216.60484,-548.2684,382.55658,222.35426,-319.4123,277.67047,231.069,-406.89255,376.91077,271.1136,-489.50708,335.3876,274.18808,-514.31287,459.1173,355.78494,-240.43149,188.92734,374.17755,-281.66348,534.57385,509.11902,-122.37733,143.90073,535.6626,-264.6031,518.8695,650.25745,-270.98456,161.43704,667.54443,-388.8123,528.1625,702.8421,-324.36176,148.68271,715.0488,-423.41678,499.4074,707.52466,-351.60266,175.12056,716.4437,-472.89026,490.19656,685.908,-287.769,185.7309,695.4403,-407.36942,432.54663,659.6067,-7.881134,266.44727,672.69354,8.629104,441.70245,890.38367,-46.340096,284.55997,895.8228,-7.569187,445.69745,1083.447,226.66734,289.14655,1076.7797,381.2527,450.5452,1117.6367,243.0055,287.65594,1109.6887,405.05084,426.18512,1160.31,16.243378,308.33228,1151.1453,190.8498
77.jpg,364.08563,241.54103,-598.7143,368.36044,213.05142,-555.9702,378.20358,212.4753,-556.0786,388.17215,211.81023,-556.3049,336.62128,215.0031,-574.36664,323.53326,215.83403,-574.54456,310.36237,216.7301,-574.755,385.3345,224.58978,-339.70428,279.78458,231.94278,-425.83554,377.93216,271.99594,-517.8004,335.9444,274.59753,-542.23456,460.18784,363.0874,-259.08725,189.79092,378.3515,-303.70776,532.6531,518.58966,-144.59805,136.76675,540.532,-297.00092,516.175,654.3739,-304.22412,149.16824,678.44604,-428.2681,525.0066,705.53503,-359.64572,133.83125,727.2302,-464.26105,496.37268,710.34546,-388.76968,162.19698,730.0921,-516.68567,487.5199,689.2332,-321.9369,173.53302,708.93713,-448.0027,427.03,667.5594,-7.7433767,261.47934,677.96906,8.48326,433.52405,897.33856,-45.46408,276.5251,901.4209,-22.101,435.2796,1086.1683,239.72403,281.09436,1079.3608,366.4836,440.5052,1120.899,256.77982,280.4053,1112.9647,389.32947,413.06668,1161.6436,27.15675,297.32562,1153.5288,171.77954
78.jpg,363.87836,245.40404,-551.22845,369.6515,217.80383,-512.5717,379.31036,217.73077,-512.65204,389.12164,217.56396,-512.859,338.76328,218.1304,-529.367,326.04724,218.24927,-529.5661,313.24802,218.43558,-529.7906,386.84418,230.29973,-306.98035,283.3233,232.08835,-384.55945,376.46512,275.40695,-473.08408,335.54706,275.83508,-495.1868,456.68585,360.77176,-220.82109,191.99106,371.45795,-258.96262,537.01965,505.9696,-107.253654,138.61708,532.0561,-239.59854,518.28345,644.80133,-251.73608,150.17998,663.2769,-362.88934,525.50867,695.25336,-303.91666,136.36757,708.5221,-397.30487,496.93985,697.9439,-330.27057,162.21521,709.6508,-445.25037,488.3847,678.50415,-268.10458,173.94421,690.6118,-381.09595,423.0327,663.21295,-8.871372,258.79822,672.20013,9.610765,428.0716,889.7495,-49.77742,274.69284,893.5039,-25.942257,429.26028,1079.5077,231.40764,278.89523,1073.1285,345.42804,432.64297,1112.2689,248.26865,277.51843,1104.5189,367.34784,409.68723,1153.8197,24.240452,294.52975,1146.4517,153.86356
79.jpg,361.97052,246.64035,-637.72156,368.4631,217.69286,-601.03204,378.56012,217.35541,-601.11487,388.80005,216.93224,-601.39856,337.0749,218.52951,-615.2708,324.24353,218.73485,-615.4879,311.34985,219.0306,-615.7739,389.29114,230.28563,-383.66824,282.7847,233.50282,-446.18048,376.54028,275.43668,-552.47626,334.28848,276.43863,-570.5332,461.9798,360.7824,-268.491,196.04785,371.5618,-295.3725,533.573,510.41748,-147.65219,143.23541,533.8862,-256.19727,516.1404,653.3683,-297.87634,156.06735,668.48865,-389.98456,522.35706,702.22626,-350.7144,144.46619,713.1017,-432.11926,499.26022,702.92676,-387.43594,168.23715,713.4211,-479.67645,488.97638,686.7763,-319.199,180.23657,696.2612,-409.8552,426.81363,662.7008,-13.19467,261.39297,671.18854,13.692684,432.3125,888.4014,-53.609966,279.78394,891.1735,-36.34338,438.34863,1077.5549,279.30798,289.9024,1071.0693,378.92484,442.02744,1109.1213,300.68466,289.44104,1099.8954,404.45038,423.54822,1147.0209,69.1794,303.01837,1143.7631,183.34546
8.jpg,329.88397,251.337,-494.46048,342.72537,221.23386,-465.4253,354.37558,220.27957,-465.5353,366.16376,219.23315,-465.73367,309.7302,223.69806,-468.4697,297.40997,224.4881,-468.67584,285.02472,225.35852,-469.0183,380.68994,230.8049,-287.6005,268.28027,238.50217,-303.01984,353.43054,278.57123,-425.85934,309.1741,281.70908,-429.9673,466.5634,358.85782,-215.12134,197.65973,371.3246,-199.29465,533.67126,522.09033,-128.30559,157.63446,531.594,-170.6753,507.49484,659.97284,-226.53963,170.56424,661.90717,-272.4811,512.4252,709.91034,-267.99335,158.12798,705.68176,-303.77985,483.53088,709.3305,-286.98358,181.7391,707.1122,-349.48914,475.58234,689.3413,-236.22675,194.37508,689.8971,-290.85956,425.89383,664.34686,-12.244486,261.0919,671.55444,12.862019,426.174,891.6677,-43.28428,271.76257,895.7005,-29.011597,428.66565,1080.9001,225.2941,274.42355,1075.5508,328.68927,433.71783,1112.2301,241.64977,275.87155,1106.6654,349.5277,405.5052,1155.3457,35.03233,283.37222,1147.036,161.15677
80.jpg,369.61136,252.1633,-608.14667,374.87473,221.97221,-574.3577,384.77646,221.82047,-574.41754,394.83484,221.57312,-574.67645,343.0507,222.12698,-591.9109,329.75043,222.01596,-592.1557,316.36942,221.99773,-592.3686,391.41174,233.62427,-369.2353,283.63113,234.91931,-447.34958,381.55228,281.41483,-526.816,339.22153,281.486,-549.36383,459.8727,354.9012,-271.3287,189.35846,370.47598,-297.61267,540.6518,496.22372,-141.80771,137.84305,534.0636,-268.20905,521.6494,645.60345,-237.1442,151.2138,665.43005,-372.2674,528.0793,696.63806,-271.94763,138.49776,708.95386,-404.12817,502.9936,697.76416,-302.20865,160.87953,709.6941,-444.22256,493.23117,680.3781,-252.83725,173.651,692.9989,-388.44586,424.56375,661.6275,-12.839319,257.2861,673.3294,13.386761,432.71954,892.0033,-51.645096,273.86285,894.3687,-4.774323,434.4887,1086.3142,242.99335,281.78552,1076.9471,388.11954,437.06567,1118.1864,261.01624,280.8958,1106.4403,411.67374,419.82663,1159.1444,42.625446,296.04556,1149.5415,199.53635
81.jpg,372.46307,253.37846,-599.11755,376.8166,222.43567,-564.1471,386.7046,222.00763,-564.2438,396.7442,221.49422,-564.4823,344.99316,223.267,-582.86273,331.6101,223.43187,-583.0915,318.1442,223.66533,-583.3383,392.24524,232.59702,-358.99188,284.8778,236.31146,-444.9669,384.33203,282.2005,-518.7269,341.96362,283.25668,-543.42126,460.7567,356.59857,-266.27206,188.67719,375.73267,-315.6143,537.3701,508.2331,-158.64806,138.91716,545.40265,-316.57648,522.87726,651.2175,-298.47217,154.25357,679.93634,-428.4796,531.2289,701.7502,-346.68915,141.23853,725.6805,-462.30615,505.18127,704.2016,-374.377,166.3432,725.9541,-504.78564,494.48428,685.9406,-315.1225,178.8169,707.3101,-445.05023,429.35062,661.1316,-8.274949,262.5843,674.8944,8.967703,436.8344,890.6822,-25.716686,278.2832,896.5503,-16.531471,437.68018,1078.9053,269.33957,284.3321,1073.6755,363.4346,441.64566,1111.1025,287.98538,282.80795,1104.3484,385.97955,420.84216,1152.5542,72.638626,299.811,1146.798,175.20273
82.jpg,371.4685,256.82535,-626.7118,377.80075,226.46648,-591.63464,387.94162,226.20732,-591.70984,398.21436,225.85318,-591.9301,345.90308,226.61877,-608.01,332.75558,226.41057,-608.2101,319.5187,226.27246,-608.4571,396.07986,235.5472,-378.85287,288.69397,236.75348,-454.30957,384.19025,285.05884,-543.6666,342.02774,285.16235,-565.17737,465.57068,359.04932,-288.27963,193.07945,372.2849,-320.02203,541.79663,512.3682,-200.78494,149.76941,539.6939,-313.71188,527.566,660.6777,-345.3697,163.40594,675.9194,-449.32098,536.447,713.3428,-396.07733,150.50626,722.0541,-487.85474,508.79126,716.37463,-424.8265,173.61868,724.1927,-536.438,499.16638,696.2768,-362.22333,186.08585,704.95123,-468.4284,430.0744,669.848,-8.05914,262.98743,681.0805,8.737783,439.13528,903.98346,-44.791008,281.66705,907.88324,-14.415314,443.38953,1098.3573,247.13672,290.4791,1089.767,368.27457,447.435,1132.0901,265.8158,290.05173,1121.8401,391.30658,425.5072,1174.258,42.86369,307.5028,1164.809,176.798
83.jpg,376.93195,266.33716,-615.8449,382.11517,234.93687,-585.34924,391.9488,234.62245,-585.4324,401.9363,234.21347,-585.6649,350.63855,234.92003,-602.61255,337.47095,234.54048,-602.8439,324.21667,234.23338,-603.11163,397.9223,242.70264,-382.2675,291.49237,243.59236,-461.63458,388.19672,293.56085,-534.5196,346.69727,293.34595,-557.28735,465.4923,358.46564,-289.99432,191.42471,375.46463,-324.24283,542.7694,511.24844,-209.33412,149.41588,546.2864,-323.4116,525.161,660.61584,-343.09167,165.50789,677.6655,-448.4348,532.4598,712.1743,-391.63458,153.44257,721.4485,-488.85278,505.92505,713.776,-417.75528,175.05898,721.8562,-531.4215,496.33124,694.9109,-358.82288,187.77458,703.92615,-466.3901,429.17755,667.9416,-6.9143515,261.24396,681.0983,7.511297,437.9334,901.57904,-34.885143,277.60715,906.45184,-14.7182455,440.51385,1095.9915,249.13867,284.71298,1088.8508,348.59265,443.0407,1128.678,267.40717,283.42493,1119.6193,369.95923,428.19208,1169.9835,54.469414,301.02646,1162.0223,160.52069
84.jpg,375.54846,268.72513,-636.29474,380.31946,237.34082,-605.4966,390.06287,237.06007,-605.5923,399.94794,236.6892,-605.82385,348.89743,237.2132,-624.1725,335.69745,236.80406,-624.38336,322.41034,236.46306,-624.6565,394.94562,245.20065,-400.93674,288.64233,245.87431,-486.94305,386.1481,295.63104,-554.01434,344.6302,295.36584,-578.8125,459.8256,360.92404,-303.028,188.5159,373.7118,-347.82758,538.9637,513.022,-220.70757,139.25049,539.22736,-347.64734,523.2531,655.84045,-366.1647,153.13818,674.3817,-473.29868,530.2014,705.6097,-418.4152,139.71957,719.2233,-513.7682,504.4546,705.45746,-444.61682,163.0149,720.218,-557.4969,494.49918,687.5578,-382.50394,176.0104,702.4479,-491.5971,423.06085,667.2053,-6.6147776,257.54193,679.2529,7.2600327,431.20636,896.3039,-26.884205,273.79572,901.7606,-11.40571,430.37827,1088.0254,262.92365,281.18924,1081.4595,359.01965,433.1052,1119.771,281.50647,279.3657,1111.6486,381.00586,415.74155,1161.5728,72.671104,297.4466,1153.5046,173.99036
85.jpg,373.9474,268.5895,-577.80853,379.8459,238.84836,-547.9648,389.49573,238.77777,-548.04517,399.3216,238.60703,-548.26263,349.0588,238.31726,-564.80273,336.27032,237.79492,-565.0263,323.40472,237.33807,-565.31213,396.346,247.84038,-352.77036,291.89996,246.82094,-429.8885,385.1747,295.6847,-499.89294,344.42462,294.85126,-521.9972,462.31653,362.09198,-261.25427,193.32884,373.64566,-300.82098,537.5425,508.02423,-161.72821,143.28253,536.78375,-292.66837,525.2433,652.0543,-284.16107,152.88635,669.7088,-405.01556,533.6695,701.93713,-327.76343,139.1077,713.63104,-440.29968,508.20807,703.5649,-355.5276,161.80054,714.80115,-483.95972,497.815,685.7329,-299.9887,174.98883,697.5213,-422.82916,423.79315,667.02844,-6.201015,257.62485,677.85846,6.763959,432.78745,897.9885,-40.515472,275.0903,901.3646,-18.00808,436.01517,1091.5477,229.98009,282.69894,1082.9467,338.98654,438.56348,1123.1045,246.94022,281.14722,1112.5828,360.01996,422.36942,1166.2712,35.715946,299.948,1156.6804,153.32062
86.jpg,376.46106,276.92462,-820.7262,382.80524,246.03957,-789.7007,392.83594,245.7617,-789.8086,402.96817,245.38359,-790.0719,352.6918,245.06345,-806.7433,339.6234,243.90123,-806.89124,326.4939,242.852,-807.22504,399.34128,251.39622,-543.6099,294.28455,248.32532,-617.37915,386.72043,301.23825,-721.25055,345.90286,299.53952,-742.3418,456.28586,361.00784,-417.8095,198.97284,366.37903,-428.9941,531.33405,506.6256,-438.81537,148.86243,525.826,-417.38406,497.42914,625.4105,-673.7198,154.72664,628.2548,-616.6387,496.6045,666.56573,-748.1078,147.43578,662.1052,-689.7006,472.04626,656.886,-776.5065,163.04797,653.76294,-727.2899,466.99457,644.9692,-693.7408,174.52548,641.107,-637.2747,416.11172,651.88403,-5.343375,258.45566,658.11957,5.971704,426.2351,831.9103,-85.3907,266.9886,829.4181,-38.713737,428.52765,1017.0414,286.3838,276.1893,1012.6403,410.44177,429.26886,1050.3768,315.5064,277.55618,1045.0901,442.0367,422.02966,1087.7197,111.8846,283.14227,1088.144,252.43161
87.jpg,377.26654,276.57593,-600.35974,384.353,245.85371,-576.89545,394.03357,245.9307,-577.0245,403.86978,245.90211,-577.2758,354.13852,244.18153,-591.7479,341.4297,242.90506,-592.01196,328.65005,241.7174,-592.3819,400.979,252.11194,-382.7745,296.8008,246.99626,-451.3307,387.22018,301.24365,-520.3031,347.19632,298.81415,-540.02435,464.13953,355.4088,-280.83093,194.7953,366.4014,-306.67722,542.85223,493.32498,-218.54202,145.12839,525.829,-311.08563,524.70593,625.4795,-355.979,154.85388,655.29816,-444.09668,529.2779,668.2861,-405.47504,143.5264,695.7611,-493.56448,507.59662,667.3663,-429.4994,163.79753,694.46326,-530.1127,497.90582,654.3705,-371.55228,177.10751,679.1404,-462.09442,421.5948,652.8169,-7.769962,258.9339,663.2563,8.226528,429.83563,876.7621,-25.431713,274.74835,879.07227,-32.10611,433.74207,1057.8496,262.78607,285.8711,1054.3312,316.73877,434.01138,1087.8251,282.16928,285.56738,1082.0338,337.5125,428.68427,1129.1841,82.48903,298.04898,1127.9708,136.92445
88.jpg,380.95593,273.58694,-646.4391,385.9405,244.20041,-617.1549,395.16202,244.09192,-617.26526,404.52362,243.88252,-617.535,356.6061,243.2445,-634.3473,344.0997,242.34225,-634.56573,331.52286,241.51405,-634.9099,399.46515,251.03131,-407.3796,298.9189,248.46098,-484.5712,390.2133,298.0946,-561.73816,351.001,296.69562,-584.0648,461.38373,359.6879,-303.18326,199.0235,368.8212,-332.75513,542.0376,504.17468,-260.03467,147.62529,528.2083,-343.7306,520.31116,644.77136,-416.69037,152.80457,657.9131,-507.464,523.621,689.9922,-473.82602,140.32722,698.3417,-568.3778,500.16357,687.4703,-499.59448,160.45357,696.7699,-604.49316,491.87137,673.60925,-433.5814,173.29787,681.4375,-526.6088,421.51605,654.56384,-9.322323,260.4512,663.6132,9.852842,429.9306,878.5522,-32.653687,274.90985,881.227,-18.316277,434.346,1065.3793,256.77145,286.40912,1062.848,351.68912,436.06918,1096.3369,275.58127,286.08133,1091.5807,373.19623,427.12122,1135.3345,65.026474,300.34814,1137.234,163.32486
89.jpg,379.28442,267.04364,-634.5785,385.3817,239.77298,-601.242,394.6437,240.02959,-601.3539,404.05536,240.1837,-601.6128,355.92908,238.33691,-617.65393,343.67444,237.4805,-617.87744,331.3382,236.69649,-618.23694,400.85815,250.44496,-386.79626,300.75024,246.34561,-460.90912,389.49857,293.72226,-549.6016,350.2153,291.76617,-571.0912,463.80377,366.71558,-275.2604,203.05006,370.3453,-312.58856,539.73425,513.78595,-209.99081,148.6726,528.66754,-312.87646,517.79346,652.1332,-372.6283,153.84981,660.6643,-476.16452,521.5116,697.5838,-431.12512,141.17902,702.68134,-532.5597,498.5838,695.33563,-459.76355,162.05237,701.5632,-573.2113,489.81842,681.187,-391.58554,174.48923,685.9518,-496.0696,423.81763,664.02637,-9.792464,260.43088,671.30554,10.337418,430.92334,889.3611,-44.97643,274.15204,892.14923,-37.599785,435.58896,1080.745,247.10196,284.59027,1075.8035,335.53403,438.5138,1111.8885,264.67743,284.56107,1104.5535,356.59897,423.29166,1151.1276,40.96083,296.57755,1149.6421,136.29843
9.jpg,340.97812,258.56033,-510.59064,352.92554,227.69452,-481.63684,364.3182,227.0511,-481.73364,375.84833,226.31702,-481.88797,319.99365,229.10042,-488.49475,307.328,229.41774,-488.72604,294.5865,229.81076,-489.05807,386.27942,237.31021,-295.6692,273.76715,241.62329,-328.3383,361.38593,286.227,-437.8324,317.50348,287.9632,-446.8916,463.65356,359.48456,-211.81738,197.05194,372.09662,-214.01028,537.54486,511.74173,-117.70439,156.8038,532.5368,-187.54276,515.04596,652.409,-225.40198,169.98672,660.17413,-296.91357,521.92535,702.66266,-267.37347,157.26395,703.4593,-331.86612,493.46066,702.36475,-290.4362,181.317,703.3941,-377.13696,484.70587,683.4927,-237.55333,194.32974,686.51764,-315.5115,427.6308,664.1099,-10.280899,261.85114,672.30054,10.921238,429.24567,889.0531,-46.964737,273.00122,891.91504,-31.720705,429.0485,1076.5812,226.1566,276.12634,1069.5209,320.56342,432.69202,1107.776,242.8261,276.40424,1100.4231,341.0413,407.61023,1151.487,30.204475,287.966,1141.0259,142.31715
90.jpg,387.42572,265.17554,-740.6359,390.88495,238.28093,-704.94434,400.24643,238.12895,-705.0715,409.7676,237.85666,-705.3915,361.54755,237.85022,-724.18396,348.6467,237.21692,-724.3033,335.7202,236.72356,-724.5609,403.8609,247.33664,-472.49054,302.40033,246.69914,-555.8524,397.05612,291.65808,-648.3747,357.30557,290.84534,-672.3499,465.54437,365.68536,-358.88947,205.87791,370.66168,-385.0847,539.165,507.18042,-293.03226,144.45035,521.5132,-335.0666,506.99915,633.2295,-446.38577,144.83269,638.0101,-470.05936,506.21326,674.3816,-508.00082,134.29083,675.1878,-527.16064,483.15735,669.00854,-538.43915,154.17688,669.68835,-568.1347,477.08246,656.61255,-464.44855,165.65009,655.8382,-489.53152,423.21008,655.89746,-6.750192,264.0458,661.2652,7.3872285,433.85745,822.3951,-194.03995,272.1979,822.86804,-94.553345,434.5719,1015.88904,150.94885,282.39224,1011.54443,325.68027,436.18744,1049.9971,178.37906,284.71265,1045.1906,354.1121,426.38748,1089.2638,-17.611908,288.2105,1088.8193,169.45224
91.jpg,393.7349,267.60623,-681.11237,394.41864,240.25755,-645.43506,402.77008,240.12144,-645.5923,411.27744,239.9073,-645.9407,366.28238,239.88733,-668.4614,353.74728,239.43626,-668.6673,341.1461,239.07211,-669.04175,400.61295,248.91263,-422.39966,304.71375,248.96193,-525.355,400.45468,293.4345,-592.233,362.43677,292.86926,-622.0449,460.85413,369.09375,-308.16858,201.85347,380.66006,-375.29434,530.6441,514.44257,-213.91675,152.52078,544.53235,-378.82635,504.79352,643.0198,-381.95837,167.38739,673.04694,-524.29346,505.4355,686.21484,-440.27118,158.64267,716.0259,-581.3146,485.50903,684.05365,-473.19138,180.25446,711.92804,-618.13873,477.07642,670.8019,-402.8172,190.24548,695.25336,-542.2874,418.87177,665.00903,-8.722313,257.40033,673.8392,9.1901455,423.89206,884.0998,-8.087557,269.1657,885.27783,-11.831251,425.10593,1068.6935,320.75162,276.14493,1064.4465,402.39468,427.22845,1101.1705,343.16022,273.68256,1094.1691,427.839,417.54544,1133.6965,129.59186,289.94308,1135.5133,213.28821
92.jpg,395.82034,270.60767,-661.45874,397.2493,244.80351,-627.67084,404.9626,245.28452,-627.7943,412.82166,245.67715,-628.11597,370.81683,242.59464,-651.3724,358.9697,241.37819,-651.6047,347.0443,240.25165,-651.972,400.74548,253.42738,-410.90668,310.83807,247.4744,-518.3656,399.87738,295.8457,-574.7401,364.3843,292.86624,-605.89233,456.3717,369.5831,-315.4459,202.52036,370.5585,-372.3617,533.4011,515.20593,-269.33652,148.94136,527.4897,-376.9677,507.23566,634.40137,-450.273,158.6197,659.4016,-514.2633,506.6879,674.9285,-514.79755,147.87622,701.8397,-570.87555,484.40265,669.5012,-539.5443,169.25491,699.33057,-608.6253,477.73608,657.16595,-468.41357,179.55295,683.4714,-532.62195,413.95065,654.5682,-7.521366,257.04068,660.65674,7.8724904,418.51605,868.9783,3.9241555,265.74036,870.0203,2.7734663,418.23456,1046.678,322.854,271.8883,1044.2213,401.70395,419.40427,1078.29,344.6596,269.27646,1073.2059,426.1327,412.0613,1109.5896,139.52481,285.23853,1113.6868,220.36029
93.jpg,400.36627,271.58054,-564.6205,400.95547,243.957,-533.192,408.93805,243.7855,-533.399,417.12262,243.4962,-533.81726,373.58826,243.32774,-558.6436,361.07425,242.51538,-558.85474,348.50888,241.80048,-559.1207,404.2487,249.67915,-325.43958,310.45618,248.16591,-438.453,404.5679,296.0219,-481.8906,368.3526,294.94,-513.8868,462.87198,358.9789,-240.21652,200.68839,368.71,-279.5522,537.27637,493.4045,-173.98822,139.93118,521.04724,-250.32452,530.147,609.2042,-351.99234,154.01059,585.21826,-384.1824,536.02844,647.71454,-412.71027,153.61362,610.89923,-440.5161,515.6394,643.59875,-441.2607,167.30853,594.73755,-469.68112,505.5879,633.01086,-370.79944,175.51668,585.26953,-398.36096,424.8957,654.434,-1.0123163,263.07666,664.5565,1.3273519,440.42966,847.2527,-57.6669,275.5694,849.9751,-29.282503,442.04993,1034.7495,192.07928,281.59814,1035.9832,302.38635,440.77948,1068.6669,209.15698,279.8458,1068.2888,322.64832,442.20673,1103.5706,18.841265,296.82013,1110.065,136.15564
94.jpg,404.9931,275.37433,-549.5905,403.93216,246.70882,-519.8496,411.27444,246.59029,-519.9965,418.8687,246.36832,-520.33386,377.5484,245.84764,-545.0564,365.40866,244.97575,-545.3408,353.19257,244.17091,-545.5892,404.67593,252.4252,-328.35095,314.9006,250.92104,-439.8807,408.274,300.2216,-472.04962,373.34918,298.69693,-504.12012,463.45474,366.06113,-253.36012,199.5861,373.26678,-316.42865,530.1515,513.8928,-169.22408,138.23782,535.5504,-326.8033,527.9371,650.39575,-307.3191,144.75319,669.28094,-423.3275,535.62067,694.3446,-355.26517,131.10297,711.5975,-464.96548,516.00256,695.1124,-388.08765,152.61136,711.5476,-500.73877,504.69995,681.2175,-327.4187,165.57893,695.6403,-439.7963,422.1964,662.35785,-0.24974324,259.33548,671.4493,0.54752374,427.83035,885.26733,-17.679113,273.26343,887.3923,-25.164455,427.76642,1069.5465,247.1942,280.59546,1066.5333,310.49045,427.19977,1100.9894,265.37238,277.0215,1095.431,329.74734,426.71545,1134.6561,71.610596,298.61923,1136.2527,131.84007
96.jpg,408.306,273.28534,-550.08655,405.28793,246.60733,-517.78064,411.72623,246.61546,-517.9159,418.4041,246.52892,-518.29785,381.04123,245.52438,-546.0161,369.58786,244.66089,-546.2993,358.04437,243.85927,-546.573,401.22717,252.95961,-320.90698,318.69922,251.07039,-446.39194,409.05304,298.53384,-471.29245,376.85135,296.8694,-507.43835,457.09164,372.1693,-250.91203,202.40573,374.91913,-316.65912,535.5926,520.7238,-211.18607,139.82954,534.6483,-331.01587,519.6693,647.0649,-413.11154,147.23465,668.7129,-465.85965,522.2028,689.89056,-480.94928,134.69307,712.2945,-519.08167,498.1796,685.6484,-505.13922,156.39494,710.2823,-554.76495,490.14844,672.7217,-432.54437,167.66898,693.8992,-483.36014,417.39758,667.1442,-0.3400841,256.9178,673.55634,0.65129584,427.95258,886.40265,-5.753109,269.0047,891.29047,-8.4775,428.73703,1071.8394,262.0824,277.2573,1073.006,339.745,428.17004,1104.5863,279.39548,274.28098,1103.226,359.6585,427.2932,1134.9445,73.250565,293.2384,1143.1294,153.81686
97.jpg,408.44162,265.43747,-481.88147,405.65454,239.15385,-449.99646,411.72034,239.06116,-450.19363,418.0752,238.89528,-450.677,382.127,238.60611,-474.73456,371.24802,238.10635,-474.95694,360.25345,237.65866,-475.23248,401.85806,248.04543,-266.12064,322.58795,247.74957,-376.4983,409.05457,292.56818,-410.24106,378.2942,291.45496,-441.8092,460.6858,373.20776,-191.19308,207.8585,377.84875,-219.65044,530.86096,528.09607,-88.6152,165.95268,543.34326,-199.49619,524.7715,661.9899,-259.71515,194.67363,564.3542,-334.94797,532.16406,706.4594,-310.7317,196.9091,579.54535,-382.05624,511.99573,706.3301,-341.83936,205.00272,562.6294,-406.97534,501.4533,691.8314,-280.01123,212.63553,556.37695,-347.02664,424.43832,672.53894,-1.9692688,257.9085,678.6252,2.2995207,424.14282,898.6054,-19.41045,272.73065,896.4789,-16.031609,425.76993,1089.1377,246.93948,275.55627,1082.2412,316.54117,426.80853,1121.242,264.25504,270.3464,1112.4226,336.5136,419.62738,1150.2037,49.727882,298.316,1149.4258,129.6944
98.jpg,411.99313,272.59616,-517.427,408.11328,245.17966,-487.89566,413.8704,245.1948,-488.03906,419.92413,245.10924,-488.41052,385.25882,244.05957,-515.776,374.33612,243.1772,-516.065,363.31854,242.34819,-516.26556,401.79367,252.0104,-307.1127,323.8341,250.29156,-432.4909,411.2596,298.63828,-445.0638,380.93594,296.67426,-481.13635,457.9495,371.3782,-241.14961,200.93198,376.48926,-307.30783,531.41504,519.7223,-154.43102,138.99985,543.48865,-318.90555,523.5558,653.8117,-307.10547,148.69826,662.85046,-436.33347,528.7452,697.71387,-360.9024,136.90024,702.4156,-482.36313,506.29532,697.778,-389.6195,157.13518,698.45966,-516.1989,496.88004,683.7002,-326.94272,168.61652,683.45764,-452.28644,416.86905,665.92664,4.80134,254.23428,673.22064,-4.466756,420.40298,892.91876,3.1378856,267.28494,894.37,-17.455015,418.95935,1080.0729,269.83698,272.44504,1076.883,307.6733,417.62396,1111.4474,287.64377,267.58978,1106.4027,326.39377,416.52576,1141.8269,88.12537,292.4362,1142.5901,126.03822
99.jpg,418.73846,273.37756,-516.66064,411.40594,245.83073,-489.12787,415.70868,245.81941,-489.25043,420.35458,245.7023,-489.59247,391.5808,244.65437,-523.1952,381.48392,243.68637,-523.4551,371.29156,242.76787,-523.6635,398.05566,251.55959,-314.24802,329.5617,250.39418,-465.80243,414.34436,299.28134,-444.75998,388.05835,297.07904,-488.59247,451.79034,370.3975,-237.02248,199.97496,373.34637,-348.9035,522.25604,518.33356,-122.32826,137.66248,541.06665,-348.8724,529.94995,652.83795,-273.38,150.5116,676.82874,-421.6141,539.3063,696.20795,-323.13757,135.70392,720.87445,-457.243,520.8453,697.13666,-360.7767,158.15268,720.7644,-496.75995,510.2411,682.88715,-297.436,170.16986,703.521,-438.05804,417.54474,665.456,15.266983,255.06558,674.3973,-14.869835,422.47134,893.5865,3.9403815,267.98627,898.24634,-26.634441,425.41162,1088.6233,270.56064,273.7822,1087.9406,307.36362,422.68732,1120.6942,287.3832,268.11658,1116.6353,325.90305,431.58786,1151.6799,76.55862,299.8254,1156.7311,112.59955
