0.jpg,285.37552,251.81302,-404.27002,314.81754,224.17809,-397.3561,327.87076,225.66199,-397.35083,341.09607,227.01102,-397.56848,283.93408,219.60405,-370.31583,274.16797,217.6405,-370.59616,264.2682,215.85614,-371.01166,374.28107,242.33577,-300.90668,268.84653,225.40753,-190.64575,314.36273,283.88992,-365.0203,271.58453,277.83182,-333.50845,463.40942,374.67377,-251.6073,195.49747,366.2583,-109.1455,524.74567,548.18774,-219.25957,141.74124,530.6733,-63.650284,495.4248,685.0712,-271.37335,139.15025,673.28577,-145.51596,497.4747,732.0165,-297.64786,125.56244,712.9496,-171.20892,472.71967,725.8065,-314.00363,143.12613,718.4954,-213.73842,465.5801,709.097,-276.2885,160.7167,706.76666,-166.19485,419.59192,680.6135,-36.76855,257.9392,682.5429,37.56577,415.1706,908.5115,-31.76654,264.6573,908.92224,34.563736,419.9887,1099.4176,196.25305,272.50873,1099.4062,299.96136,427.80188,1130.0132,208.82567,276.7001,1130.6332,312.84494,388.58517,1169.0437,39.818016,266.6185,1165.1797,163.20169
1.jpg,288.83365,253.57687,-422.78802,315.95758,225.96506,-410.41827,328.9422,227.23172,-410.45593,342.10272,228.35844,-410.6844,284.41098,222.23822,-390.67325,274.08496,220.65302,-390.91565,263.64496,219.2502,-391.33533,372.7821,243.97585,-297.18796,264.59857,230.25032,-218.7195,317.41806,285.4961,-378.04898,273.62775,280.61398,-355.72238,463.4522,374.32608,-241.55203,191.53299,375.74683,-140.38013,530.4432,543.55206,-197.85315,144.265,544.2769,-102.43579,508.4895,674.93713,-273.92267,151.55624,684.4354,-172.61957,511.88354,721.65295,-304.1817,140.35437,725.4981,-194.99402,488.06473,716.7263,-320.89462,160.06746,728.6003,-237.26434,479.2691,701.1956,-280.14316,176.1344,715.4066,-191.73648,426.37152,676.60724,-26.931393,262.45663,685.5883,27.773497,427.1067,904.1496,-34.43033,279.1217,909.3291,16.542263,437.08664,1092.1864,188.62184,290.74786,1094.851,287.44598,444.92578,1123.1223,200.05377,293.93094,1125.9242,300.35596,410.25928,1160.7443,30.17826,293.65207,1158.2664,146.42796
10.jpg,270.62665,239.54109,-398.80524,299.48618,213.64073,-391.45535,312.0246,214.40022,-391.5158,324.72168,215.01143,-391.7836,270.54694,211.36479,-358.3073,261.5965,210.39517,-358.5996,252.50221,209.61018,-358.83618,360.0151,230.49239,-305.31915,261.97797,220.35707,-168.37013,302.11716,270.54834,-363.8135,262.06436,267.28644,-324.49512,459.9185,366.33963,-260.95233,204.80408,361.92343,-76.60687,524.0258,536.5628,-212.16791,150.76422,515.84247,-15.733067,503.45654,676.8059,-248.5423,139.47595,655.2535,-116.98372,508.63336,724.4142,-275.48593,125.6171,695.2175,-142.79865,485.01434,719.7707,-296.43774,140.62537,701.30554,-192.06192,477.8575,702.92645,-253.9925,157.6973,689.45276,-141.55847,426.89542,664.2586,-51.337082,269.53888,666.1607,52.14249,420.9413,887.33624,-63.21835,276.5303,886.74725,46.148357,431.13043,1080.0775,160.71951,285.76868,1078.266,311.57678,442.65363,1113.5238,172.72165,293.39413,1111.1481,322.90207,388.34763,1141.786,-9.652304,268.2829,1139.4491,174.01999
11.jpg,273.17963,239.82591,-400.89825,300.47742,214.09361,-390.41052,312.81354,214.72815,-390.5109,325.32153,215.22154,-390.80646,271.36417,212.34627,-361.44708,262.31723,211.60414,-361.70117,253.13129,211.04433,-361.97647,359.6826,230.8927,-295.89078,260.92654,222.83008,-175.65302,304.42987,270.7068,-363.41678,264.31485,268.13205,-329.0899,463.16605,368.8286,-243.56895,199.72374,365.10074,-92.69665,523.9773,545.0957,-179.21446,146.75555,521.6011,-31.089405,500.79044,678.485,-230.70045,141.51303,657.14954,-123.31058,503.95898,725.0704,-258.87286,128.8257,697.13666,-148.58838,482.37988,719.64343,-281.90323,145.31873,701.528,-196.80504,474.4405,702.9501,-237.58322,161.80945,689.15247,-146.65895,426.04077,671.3496,-41.739613,263.9951,673.8851,42.63295,422.5305,898.7639,-53.682167,274.37708,897.7023,30.886679,428.91644,1093.5874,180.7591,285.18115,1090.9757,303.2464,437.95642,1125.1785,193.37625,291.2306,1122.8693,315.23035,391.76025,1159.7361,12.872734,274.76468,1154.0122,159.4567
12.jpg,271.10385,237.37009,-363.91302,297.62448,211.93895,-353.5343,309.58875,212.36435,-353.63556,321.7257,212.65182,-353.9305,269.3896,210.88889,-324.5871,260.77368,210.42595,-324.8653,252.01744,210.14795,-325.09814,356.17712,228.60786,-266.65604,260.4802,222.78888,-145.43336,302.3305,268.29575,-329.96677,263.5116,266.56824,-295.37198,461.92346,367.70172,-225.32779,201.67311,366.31366,-72.572205,525.08685,540.75916,-170.31732,149.9931,521.04315,-18.524008,503.2135,679.16235,-207.99193,146.41466,658.3293,-109.11975,507.9863,726.0942,-231.3815,134.29819,699.10504,-136.2576,485.1494,722.73,-254.59192,151.2829,703.72314,-180.96173,477.3496,705.8298,-214.67758,167.24854,691.2955,-131.62523,425.0652,675.0633,-43.167957,263.10394,677.2203,43.99307,421.1398,901.4918,-54.540554,270.7358,903.0436,34.447056,428.18817,1099.8387,172.27821,279.81342,1099.2932,294.8743,437.8035,1131.6877,184.96078,286.25974,1131.1954,306.26465,389.904,1165.42,12.263441,266.40164,1163.9678,156.15408
13.jpg,271.90784,230.2961,-391.31476,299.18542,207.28812,-378.53253,311.07974,208.60892,-378.64194,323.1419,209.7878,-378.94293,270.98224,204.00958,-352.12033,262.25793,202.8015,-352.40665,253.39352,201.78125,-352.70236,355.3058,227.18837,-281.9475,260.17175,214.40448,-173.69852,300.92526,263.1072,-354.16998,262.11963,258.56775,-323.3008,454.9032,366.33954,-229.78967,197.46559,362.97256,-94.33414,530.188,531.069,-163.70679,145.91103,518.5687,-38.35395,507.6024,664.14703,-208.75868,133.29591,656.49554,-125.9756,510.6985,710.2638,-233.53415,118.66087,696.33234,-149.88698,487.58032,705.43365,-256.89392,134.03014,702.1101,-198.5622,480.6208,689.7551,-215.60677,150.93758,690.3991,-149.7454,421.24576,666.7388,-38.712784,261.10153,669.6162,39.585846,419.98645,893.93207,-57.988167,271.26913,894.19104,21.227348,430.62393,1090.6743,177.98842,280.93668,1089.7904,288.39374,439.77466,1123.458,190.84258,286.63348,1122.3796,300.20483,393.98895,1154.9236,8.827933,272.2611,1151.7366,138.8353
14.jpg,262.23666,235.5334,-431.94766,292.4755,209.91809,-429.66647,304.43417,210.94771,-429.77054,316.55618,211.82027,-430.08228,265.87964,207.11302,-391.28464,257.89304,206.00081,-391.6016,249.72641,205.08754,-391.65808,353.38513,228.9316,-362.9488,262.0845,216.27242,-203.32202,293.89856,268.18777,-403.07513,256.5517,264.02795,-357.1411,462.41733,370.6656,-318.01016,202.6398,363.3147,-106.9682,521.8484,546.4712,-258.8161,152.23816,523.62036,-27.449776,493.3117,680.9373,-309.1331,145.55571,664.54834,-139.1547,496.0858,727.96094,-341.8515,133.64496,705.93866,-166.97144,472.02094,723.7762,-364.4002,148.24806,711.5715,-223.9089,465.6463,706.92194,-314.92487,163.92531,699.09717,-167.43869,423.65045,673.01733,-59.205894,262.54,672.70685,59.985764,418.58798,897.9775,-69.67238,265.66956,896.11005,65.68773,429.7589,1091.4729,175.54758,273.32108,1088.3999,352.11108,442.35327,1125.2717,189.23495,282.4089,1121.5054,362.79773,380.17786,1152.2158,-2.301856,243.88399,1148.9512,214.78445
15.jpg,265.4988,232.58652,-379.18106,292.5567,209.19846,-370.72455,304.3806,210.403,-370.8305,316.38055,211.46799,-371.15082,265.29312,205.95697,-341.40292,256.9962,204.71866,-341.6477,248.57552,203.68011,-341.99445,350.3332,228.39915,-292.61002,257.6239,216.1821,-171.00934,295.31073,265.1193,-348.8013,257.17847,260.8257,-314.0545,453.47607,368.828,-255.63112,197.55843,366.08392,-95.19415,524.1376,535.89124,-190.63011,147.29814,520.9973,-38.672302,498.681,672.69,-222.04613,141.86182,658.7086,-125.73674,500.8647,720.2018,-247.34961,130.49982,699.21094,-153.17284,479.34174,714.7105,-269.43433,146.73201,704.7221,-199.2639,472.92346,698.2256,-227.99094,162.57483,692.11615,-149.07498,420.7843,665.86664,-46.46161,264.32767,668.5632,47.431694,418.2348,888.3022,-32.938755,274.67087,889.8288,59.00773,428.89697,1077.3188,210.68204,285.88135,1078.9735,333.5074,438.6841,1108.489,225.13647,292.55414,1109.9517,347.56534,392.98322,1143.4974,58.688835,276.0544,1143.677,198.30315
16.jpg,267.17303,233.25662,-353.57385,294.23785,208.93427,-345.86032,305.89462,210.38556,-345.95493,317.7325,211.69987,-346.2707,267.3786,204.72453,-320.50793,259.2322,203.02722,-320.80142,250.9621,201.54573,-321.2517,351.47748,228.16426,-272.58072,259.66748,213.2411,-169.20676,296.31363,266.57883,-325.4472,258.62943,261.14386,-296.0508,455.5377,370.4582,-240.18227,195.9307,368.2448,-116.723114,519.93414,540.37305,-172.8166,146.9081,525.90106,-75.51726,500.25067,670.7388,-187.68495,145.33424,668.6173,-127.08101,504.00018,715.5196,-203.76263,134.03223,709.81256,-148.90192,486.10477,711.28345,-227.18259,151.19637,716.184,-190.05484,478.3424,696.03595,-195.10995,167.21397,703.6706,-148.1138,428.1647,669.6867,-36.415314,270.18854,675.97656,37.38241,430.82306,893.24854,-8.613323,286.5723,898.5268,59.970432,444.0918,1084.0455,233.04733,299.6557,1088.0468,331.17358,453.07562,1115.3175,248.16032,304.4489,1119.387,346.27383,412.18597,1151.2432,94.73407,298.6742,1150.572,202.5746
17.jpg,267.0752,230.1438,-398.2558,293.08875,208.12376,-389.04724,303.93753,209.79979,-389.2128,314.9658,211.3373,-389.56836,268.37698,203.90317,-362.1717,260.90396,202.39703,-362.4154,253.29407,201.09865,-362.72812,346.92688,230.29152,-312.4763,261.78442,215.13742,-200.78528,294.48965,264.47174,-368.86722,259.25458,258.94052,-336.91364,451.9377,374.0384,-269.45343,197.92407,373.4653,-121.4034,528.0359,536.85065,-183.42871,152.77428,535.1293,-56.831078,499.04565,667.5742,-233.81456,151.03148,672.9374,-151.02158,499.61157,714.22253,-264.96964,141.45334,714.78796,-179.28421,478.09293,709.1278,-290.0719,157.50137,718.476,-230.26842,472.21347,693.2302,-241.83325,171.64629,704.93005,-175.95758,420.7442,671.8,-44.050236,262.88528,675.86725,45.071983,421.27478,897.5585,-34.209713,272.72913,900.62885,59.913956,434.87994,1088.6155,230.12704,283.6188,1092.632,356.32217,444.24585,1120.2832,246.02843,289.51544,1124.1244,371.9643,399.42853,1154.2642,70.63109,275.0799,1156.1323,214.41246
18.jpg,267.0445,237.47458,-372.39502,293.2991,211.6285,-367.76535,305.11475,212.29938,-367.8375,317.12906,212.83481,-368.16177,266.18808,209.66483,-337.31168,258.14435,208.79929,-337.54837,249.9846,208.14389,-337.95322,353.46603,228.67392,-298.53152,260.8756,220.73273,-170.07452,298.49945,269.3192,-345.05884,260.6453,266.6519,-308.3999,463.23438,373.13672,-268.98434,203.52362,369.50464,-97.59739,515.3036,554.10956,-202.88536,152.23732,526.8485,-56.379818,491.5893,680.9435,-240.99562,149.95796,665.38574,-142.92111,494.6568,724.52545,-269.49908,137.86862,706.39087,-167.24673,476.4,721.1334,-291.4241,156.07181,712.1155,-212.76108,468.41882,705.81445,-249.15636,172.2489,699.71045,-165.78308,431.47812,681.38336,-48.803463,271.4137,685.32263,49.709312,430.74872,909.26025,-27.335148,280.5466,912.76715,69.81847,444.9478,1104.6442,219.6413,291.06815,1106.3966,350.33527,456.98593,1137.078,234.71509,297.4103,1138.3508,365.77612,407.81296,1170.7073,75.52285,282.33646,1171.6981,223.09663
19.jpg,273.90625,233.0704,-365.9811,297.8276,209.8577,-351.61304,309.2813,210.73047,-351.73248,320.91068,211.44974,-352.01898,270.185,207.64975,-331.38824,261.54294,206.77309,-331.6455,252.78778,206.10297,-332.05753,352.26782,227.25162,-259.15924,258.14966,219.2772,-177.19104,303.20187,264.7721,-331.79645,265.0067,261.8739,-308.52466,459.5923,364.25555,-219.12625,195.41277,370.3392,-122.00573,533.03186,527.2416,-139.9491,141.29729,524.8864,-83.76968,517.16034,660.01917,-175.93903,136.25888,667.78577,-143.03961,521.76764,705.2215,-198.92685,123.39569,709.9139,-168.3764,500.8995,701.76373,-222.42804,142.61467,713.9717,-211.27423,492.52307,686.5409,-184.13083,158.48076,700.7609,-164.41103,433.93622,670.15857,-30.94931,271.24173,679.78174,31.880634,438.5419,896.3956,-27.683842,289.4305,903.38635,27.933218,453.4158,1091.0717,204.69403,301.92447,1095.7684,290.55988,462.09558,1122.6304,218.12737,306.4039,1127.174,304.0507,423.78067,1160.8018,57.907616,303.24088,1161.0793,152.71393
2.jpg,289.67648,248.489,-422.62122,316.16794,222.11572,-409.58582,328.835,223.37154,-409.61728,341.67862,224.49521,-409.86243,285.28424,218.64633,-389.3188,275.2728,217.23103,-389.56464,265.14075,215.98492,-389.96628,372.2221,240.826,-293.79752,266.49066,227.88594,-212.23932,317.97308,280.18433,-376.74237,275.2163,275.5896,-353.5113,462.65735,373.30258,-234.0023,195.07477,368.89148,-124.79738,526.6647,544.3982,-183.11725,144.54048,531.8908,-71.5339,502.68427,677.9525,-264.92676,153.19261,671.5447,-159.1552,506.1167,725.0552,-297.03284,142.70232,713.4208,-187.24443,482.27078,720.5541,-316.33823,163.65381,716.3966,-231.44173,473.60593,704.31537,-272.2391,178.88165,702.9225,-179.53316,422.12268,675.1399,-28.470913,259.46478,680.0326,29.24381,421.42584,903.3716,-45.01944,270.11548,906.059,3.9314084,428.5669,1095.8354,186.73463,278.44174,1097.176,278.942,435.85202,1126.4229,198.58543,282.101,1128.4431,291.78714,400.4184,1165.5748,18.43527,277.28522,1162.0338,126.04964
20.jpg,270.16446,237.5847,-366.26538,295.64944,213.30537,-353.74817,307.62396,213.93019,-353.86746,319.76804,214.40591,-354.15967,267.40143,211.7,-328.14758,258.66016,211.05086,-328.3867,249.80898,210.60071,-328.75757,353.4781,230.23917,-263.76694,257.6165,223.57397,-157.1949,301.0475,268.63977,-332.34128,261.83942,266.4818,-301.9523,459.14078,368.0994,-223.75113,198.626,371.23798,-92.60383,528.8991,531.85,-157.42276,145.10513,524.0685,-49.70691,510.72586,662.259,-194.229,147.39386,665.98004,-127.81516,515.1204,707.198,-219.72754,137.32712,708.5355,-156.42706,493.8043,702.89404,-241.68825,156.76743,712.5894,-197.87122,485.93823,687.1625,-201.04807,171.63536,698.73016,-148.68803,429.30737,669.45636,-38.61978,269.70822,676.2292,39.582558,430.3684,889.54913,-36.869247,282.41827,896.96124,34.862137,443.01407,1080.5472,181.4283,293.09473,1086.6598,288.6366,452.73068,1111.9468,193.6975,298.73456,1117.7821,301.02017,411.4627,1146.7092,33.645412,288.212,1151.1992,154.23259
21.jpg,269.83597,242.48045,-403.8341,295.76617,217.9693,-393.32452,307.802,218.53716,-393.40378,320.01013,218.96193,-393.69168,267.30426,216.68555,-364.5624,258.50757,216.17232,-364.79877,249.58081,215.84576,-365.0624,354.03986,234.94684,-300.83493,257.4371,228.62274,-180.62204,300.98804,273.11816,-367.2979,261.82507,271.14734,-332.88223,459.24933,372.0213,-253.45985,198.82584,368.6547,-97.63309,518.30865,544.60046,-185.0551,146.4534,521.01953,-33.68022,492.2789,681.8221,-236.8057,149.8426,663.6468,-142.84639,495.57358,729.09436,-266.1065,139.20845,707.4918,-175.52588,472.95334,725.4195,-289.91003,158.94424,712.07135,-224.71336,465.61517,708.5449,-243.67796,174.13397,698.2567,-167.00778,423.51538,676.99524,-41.668304,260.81622,679.7783,42.44127,421.5498,901.9118,-60.71937,267.3739,904.112,22.569826,429.51447,1096.4302,179.11584,275.13596,1096.7098,298.216,439.30905,1127.9836,192.7841,281.36493,1128.3386,310.4738,392.82748,1163.0117,13.391621,263.55893,1160.989,151.34772
22.jpg,267.45938,246.6675,-403.47488,295.47842,220.5744,-397.62976,307.81003,221.37157,-397.6944,320.3131,222.0267,-397.98642,266.9278,218.22958,-366.1174,258.12384,217.21864,-366.38736,249.18121,216.39761,-366.64722,355.40363,237.41743,-316.99457,258.04395,227.26038,-186.24374,298.64954,277.6777,-370.12823,259.11404,274.3188,-332.65802,459.9126,373.00775,-273.05124,197.13179,368.6105,-105.07938,517.1176,548.7199,-211.49635,151.40097,527.7586,-41.842674,493.74304,678.0867,-253.94792,154.94604,666.2948,-135.96916,497.4212,723.2402,-281.22104,144.76215,707.5903,-161.29099,476.21152,718.56134,-302.5666,161.62985,712.6019,-210.88806,468.29932,702.3401,-259.94226,177.35994,699.65076,-160.07729,424.38336,672.7908,-47.38607,263.4516,676.0485,48.198265,422.7309,896.5929,-54.42577,272.0879,899.0048,45.190475,432.5855,1089.4451,175.49811,282.24408,1089.7179,311.91855,443.4947,1121.2148,188.42883,289.29416,1121.4695,323.44666,393.34323,1154.9451,14.7757435,267.0064,1152.9398,176.64415
23.jpg,271.98895,243.71724,-385.0279,299.03824,218.37207,-373.76862,311.52985,219.3033,-373.80957,324.18686,220.08954,-374.07452,269.2633,215.83305,-347.6485,259.95328,214.7562,-347.9013,250.51619,213.86725,-348.2566,357.4501,235.6315,-273.22076,256.46765,225.38538,-166.6546,302.21225,274.94467,-345.38934,261.2917,271.41852,-315.0507,456.07986,368.2495,-225.09248,194.66464,368.64542,-84.83304,525.74725,537.7279,-164.1056,147.47133,526.93677,-33.219193,506.34006,674.0243,-207.23999,149.49243,664.65625,-135.1193,511.45236,720.53345,-233.9511,138.48712,705.8263,-167.1742,487.3047,715.8674,-255.355,156.97778,708.9702,-210.96005,479.26233,699.6754,-213.63098,172.68698,696.0973,-156.64447,426.27225,675.91095,-38.85513,264.6412,682.32214,39.73771,426.09665,904.47833,-50.25524,277.31573,908.6974,23.246685,438.25018,1103.8141,174.74191,288.22693,1104.1511,286.8294,448.87476,1136.5375,186.9764,294.19595,1136.5708,299.20355,403.0174,1171.3866,12.363121,281.63843,1168.8109,143.91016
24.jpg,267.07843,250.8742,-402.3148,296.28156,223.00494,-399.5428,309.00986,223.56546,-399.5786,321.91055,223.97968,-399.83832,267.24667,220.9193,-363.9994,258.42072,219.85144,-364.27716,249.45114,218.97432,-364.55444,359.33588,237.53569,-321.91217,260.36783,227.89987,-173.25072,299.66858,280.89557,-369.36115,259.60678,277.8261,-326.593,465.23618,369.71237,-279.51505,201.1719,367.19843,-84.23249,526.5967,548.3445,-230.34189,150.85905,528.18414,-27.604897,502.1895,683.5639,-270.53528,155.73335,670.9227,-143.21915,505.0359,730.4108,-299.76544,145.98909,713.5039,-175.92628,481.64166,723.6324,-319.34964,163.86447,716.908,-220.61775,474.50092,706.8107,-275.12622,179.42686,703.67883,-165.99234,430.38406,678.4222,-51.0523,268.11517,682.3762,51.85015,428.40198,905.17126,-57.14509,276.0155,909.50446,51.841805,437.68307,1102.0187,169.08038,286.13248,1103.237,316.85086,449.39316,1134.5281,182.23813,293.05005,1135.2861,328.64926,398.3217,1169.0132,10.341042,273.31708,1168.7026,184.32112
25.jpg,266.77838,253.33597,-390.81915,296.63565,224.22884,-391.92798,309.5915,224.82288,-391.93024,322.72983,225.28224,-392.2073,267.22266,221.63,-354.4666,258.3849,220.23622,-354.74603,249.40742,219.03818,-355.11572,361.10858,237.4312,-322.29736,261.0875,226.22789,-165.3868,299.424,283.04733,-360.2157,259.07086,279.3349,-315.09192,465.30582,369.40454,-285.18677,200.27693,364.77777,-80.92897,520.6482,552.6658,-238.52617,149.1835,527.98663,-34.504936,499.9201,687.64856,-264.38654,149.7713,670.51843,-138.41272,504.19186,732.9032,-290.93814,138.45593,711.45135,-169.61096,483.26602,727.8786,-310.2391,155.21085,716.4625,-212.45348,474.98822,711.83307,-269.82217,172.00638,704.3849,-161.09598,428.34134,683.61945,-54.743393,267.4611,686.76843,55.574726,426.0456,911.0303,-26.793242,274.67038,914.23553,89.37468,433.70282,1108.5782,224.73471,284.3126,1107.0714,378.3239,445.25256,1140.929,241.06882,290.63727,1139.0892,393.85663,394.45807,1176.2802,74.869736,273.36984,1172.2019,253.10266
26.jpg,271.72205,257.85138,-397.96188,302.08417,228.35828,-400.5963,315.16718,229.30415,-400.57437,328.42557,230.12366,-400.83453,272.26443,224.52261,-364.39484,263.26923,222.56453,-364.6676,254.13551,220.7992,-365.1041,366.0182,241.172,-328.41815,264.5473,226.22171,-177.77907,303.1776,287.39722,-365.41232,262.48285,282.1136,-322.07394,465.30115,368.05676,-281.9959,200.42804,362.66458,-92.12051,521.6875,547.88354,-231.13487,154.18674,529.2643,-39.97683,500.74133,681.62463,-265.4228,158.04381,670.41,-143.7329,504.932,726.4997,-292.5424,147.46764,710.66223,-175.38292,484.05392,720.22565,-312.52554,163.70767,715.3582,-219.23282,475.8237,704.28827,-271.5406,180.561,703.36597,-166.20898,431.11438,678.5246,-51.13875,271.38666,682.5165,52.035946,429.36194,905.94946,-17.046457,279.5778,909.8121,90.29483,436.06625,1101.6677,246.93053,289.00516,1101.7747,388.82767,446.55463,1132.9738,264.42944,294.162,1133.2952,405.75137,399.6869,1171.655,98.118286,283.0634,1166.8885,261.93933
27.jpg,270.3579,256.67273,-394.1859,300.67548,228.39581,-395.27646,313.58304,229.31808,-395.2939,326.66846,230.10861,-395.5611,271.3832,224.96472,-358.47144,262.53842,223.29924,-358.76434,253.54591,221.82195,-359.1366,364.22348,242.8569,-324.57123,264.5137,228.96391,-170.99078,302.04877,286.9254,-362.80835,261.8481,282.15228,-318.66022,465.16077,373.85947,-281.56195,201.06277,366.21725,-86.18904,524.28107,553.01776,-233.82317,150.69177,527.9219,-31.024223,498.5709,687.84467,-260.8224,151.44406,670.17377,-136.85788,501.26605,733.7478,-288.00443,140.13574,711.0385,-170.2104,478.82874,726.3201,-307.16995,156.58897,715.93085,-214.02603,471.63397,709.57,-265.58905,173.32846,703.7581,-159.81897,426.01193,681.73114,-51.48958,265.81482,683.208,52.322098,423.22266,906.57007,-25.517473,271.5277,908.6268,82.939445,428.95035,1100.3213,229.27315,279.79596,1098.8844,374.82465,439.32925,1131.8995,245.84535,285.62762,1130.3324,390.46768,390.82324,1168.0652,76.91245,269.46762,1163.6112,246.79025
28.jpg,271.21463,264.36975,-423.95685,299.95105,232.73755,-428.26657,313.2986,232.94371,-428.30948,326.82355,233.01901,-428.5982,269.46072,230.57007,-393.09314,260.06998,229.16614,-393.3639,250.56067,227.96506,-393.8189,365.2524,242.24841,-359.232,260.79565,233.23729,-212.81442,304.61215,292.33878,-392.0788,262.74493,289.3501,-349.98474,472.7503,369.04718,-302.61163,197.28125,368.79755,-127.687546,523.97516,551.31024,-233.20294,148.26485,530.96844,-70.295,492.22015,680.07794,-255.44081,155.46283,666.85016,-156.34023,492.6723,723.6833,-281.62784,146.16049,706.11304,-187.99939,473.12772,716.8554,-298.0406,162.80687,709.7089,-228.17334,465.4509,700.6712,-259.8589,179.06786,697.4388,-177.28546,435.6375,675.16125,-46.41313,273.50323,681.85956,47.266052,434.19284,900.11755,4.1046634,287.5813,905.8152,91.78181,443.57855,1088.6246,261.09866,301.25726,1091.5713,390.2807,453.75168,1118.1735,278.09216,306.7024,1121.3784,407.5371,411.55414,1160.4976,115.234436,297.05127,1158.5248,266.17847
29.jpg,268.27817,270.39252,-436.4171,297.77847,238.8515,-444.6383,310.867,239.26973,-444.62033,324.14075,239.56175,-444.87918,268.44736,235.93703,-405.1765,259.64386,234.18205,-405.44266,250.70407,232.61693,-405.88513,363.96075,247.98944,-383.48492,263.58197,236.2945,-216.94223,301.5433,297.9923,-406.40607,261.53384,293.91037,-358.40283,471.29285,376.1307,-321.70776,199.68428,362.41248,-125.07717,522.0029,564.889,-256.97415,141.76102,523.8803,-61.432285,492.7435,696.1758,-292.0324,145.49548,667.5816,-169.751,494.09906,739.85645,-323.50055,133.86055,708.93787,-205.11847,473.82043,732.30206,-342.2784,152.51784,713.648,-248.4396,465.74432,715.86487,-297.91113,169.5093,701.5203,-192.28896,425.40747,689.0622,-50.709793,263.10193,688.32745,51.502815,422.8905,917.33307,-16.354961,267.80872,917.8172,88.94644,427.31006,1110.1964,260.52048,276.2947,1108.7861,403.91693,437.172,1140.6812,279.4772,281.4046,1140.0688,422.22626,393.6062,1181.4025,112.0,269.21118,1175.0679,275.58093
3.jpg,284.52728,245.10109,-389.30194,312.211,219.6233,-375.90103,324.8007,221.15765,-375.93268,337.5672,222.56702,-376.2024,281.77194,215.51569,-353.82584,272.06656,213.88759,-354.0699,262.23364,212.43651,-354.46884,368.51852,239.874,-268.3791,265.04453,224.55714,-178.30038,312.56174,277.94098,-347.66617,270.40036,272.46228,-322.06256,457.7904,378.67694,-226.6287,192.16501,367.88327,-107.08467,510.34143,554.44586,-186.50546,142.99905,528.907,-57.882042,487.46884,682.8602,-254.56339,147.3683,668.0975,-138.89616,491.4007,728.22675,-281.3315,135.66373,709.3038,-164.36069,470.56,724.2586,-302.4854,155.28105,714.8223,-209.02863,462.02762,707.72003,-262.22983,171.30576,701.6417,-160.0392,414.21967,681.482,-31.640635,252.9285,683.235,32.442596,411.97873,909.7933,-27.550049,260.5148,910.1838,31.331951,415.94943,1103.6864,209.23029,269.13263,1102.8296,308.43228,422.9808,1134.0387,222.63902,273.00162,1133.9795,322.35928,387.00894,1175.3862,52.872204,267.36597,1169.6196,167.1737
30.jpg,267.8041,265.7115,-412.90924,298.05096,234.50638,-421.76654,311.18958,235.10402,-421.7593,324.50803,235.58183,-422.04498,268.31354,231.07089,-382.68814,259.43018,229.1028,-382.94736,250.42172,227.32913,-383.44742,364.05917,243.863,-363.77777,262.6685,230.37932,-199.53111,300.4761,293.66534,-384.41705,260.29443,288.9812,-337.1787,469.05914,375.0243,-316.05197,200.51141,357.6917,-111.03746,511.89575,568.50323,-264.60434,148.55597,515.5148,-55.705345,482.3952,689.118,-294.53397,145.756,655.77704,-150.76562,482.19812,728.9264,-321.09808,132.40433,693.57574,-178.74388,466.45828,719.3924,-339.26193,147.39195,701.03906,-224.06912,458.61847,704.64667,-300.468,165.90485,690.96674,-174.35803,427.05316,684.7755,-56.914215,267.61905,683.13995,57.72798,422.15576,911.7253,1.7749172,274.5316,908.7977,118.20825,428.73456,1104.786,281.13623,285.49567,1098.977,431.22983,440.29297,1135.5536,300.46713,291.77826,1130.3854,449.87775,390.40756,1173.8447,138.95189,275.3553,1162.9816,312.09882
31.jpg,261.68002,259.83328,-366.28094,290.02954,229.31943,-374.51694,302.29306,229.70595,-374.55573,314.74423,229.97354,-374.83966,262.78226,226.61528,-337.1878,254.89967,225.00114,-337.50928,246.88016,223.59404,-338.0209,354.42856,239.6166,-328.8479,260.66452,229.0862,-173.01675,294.38748,288.8433,-344.1217,256.9201,285.19293,-299.3559,466.92773,373.06818,-288.8222,200.89342,370.3598,-103.30956,523.29846,558.68567,-231.15797,152.74661,533.26276,-51.91017,501.4381,686.1886,-241.49213,155.54825,668.80804,-127.93111,504.87665,727.5781,-261.49646,145.28061,706.82605,-156.51547,486.71747,721.1458,-281.2633,160.81133,711.41296,-194.69217,478.5277,706.2284,-247.83714,177.21207,700.2151,-148.4591,436.3064,684.3586,-50.237408,275.9087,689.21936,51.163536,434.23853,912.68097,6.965352,289.13467,916.2482,96.90399,445.27826,1106.2783,268.29858,301.67532,1107.8921,389.59845,456.4879,1137.1528,285.82495,307.45245,1139.4883,406.87677,408.80215,1174.6381,128.67566,296.69293,1170.9629,269.55347
32.jpg,257.34888,260.34644,-351.2352,287.02808,230.43323,-364.28012,298.91083,231.28572,-364.31046,310.97974,232.01497,-364.5664,261.47247,226.18924,-325.15152,254.40515,223.91602,-325.48596,247.20255,221.86328,-326.016,351.94553,240.94897,-334.77576,263.37402,225.58104,-171.7539,289.15158,289.47668,-334.68237,253.87518,283.9804,-287.87335,463.82294,373.34637,-296.60547,203.4949,364.53412,-108.96518,520.2344,552.8045,-237.50284,149.44322,519.7328,-60.37727,492.3584,676.65753,-236.22433,148.6319,662.087,-125.62155,493.33685,716.2538,-254.80212,136.8855,700.1528,-154.67885,475.1444,708.41046,-273.35156,152.70134,707.3076,-191.42639,468.37524,693.77875,-241.87653,169.52878,696.71173,-146.25732,433.6412,677.7772,-50.602116,277.27655,679.77344,51.508198,434.24554,899.2123,16.944508,288.1844,901.46533,114.54011,445.9341,1085.518,282.43735,298.83963,1086.3679,410.46573,456.8235,1115.7998,301.1365,304.53073,1117.1788,428.9317,409.70197,1150.9335,154.66165,292.05457,1147.3855,301.65485
33.jpg,259.0017,254.77374,-363.79846,286.67883,226.29121,-372.76828,298.3802,227.20158,-372.82437,310.26764,227.97578,-373.11108,261.11063,222.01315,-337.5487,253.66731,219.80928,-337.86008,246.103,217.83365,-338.36115,347.9085,237.50162,-336.55273,259.05713,222.59431,-191.58318,289.74323,284.3623,-345.52905,254.0045,278.9342,-303.80856,461.24298,367.27188,-305.5502,197.22795,366.17322,-127.996124,532.0468,538.7548,-246.46808,141.06396,519.9067,-77.25989,509.62616,671.4514,-246.65439,146.40088,667.32263,-142.5164,511.8059,715.1113,-268.4961,137.29825,709.1733,-177.00333,491.6263,707.77997,-286.55994,155.7526,714.08374,-212.38354,485.01297,692.2812,-251.66269,170.63737,701.484,-162.98557,435.35522,670.6246,-49.606686,279.7477,676.5721,50.606075,435.13248,885.5302,32.86919,291.65164,892.80566,124.33731,449.34564,1063.4176,293.0571,302.10812,1070.7949,422.39133,460.48813,1092.7158,311.41516,309.40802,1100.2075,441.26114,415.0379,1131.5767,168.46231,293.4045,1135.0182,314.89377
34.jpg,258.06857,253.55052,-341.36932,285.44028,224.71655,-352.106,296.87134,225.10512,-352.16205,308.50684,225.37128,-352.4749,260.90265,222.1673,-311.59818,254.14066,220.69098,-311.9016,247.23402,219.43254,-312.3698,348.5974,236.38928,-328.0855,263.76996,226.52606,-156.05908,290.21954,283.3489,-328.25864,255.932,279.9556,-278.86157,463.0716,376.8288,-307.07037,207.25395,370.8155,-91.48973,516.0729,563.325,-258.73395,153.55356,529.5287,-40.363716,490.98682,699.0862,-260.7079,153.08286,672.1687,-113.21428,494.0984,742.4573,-280.95337,142.63403,712.3378,-141.5589,475.42453,736.94244,-302.3626,158.49785,718.9189,-179.55293,468.31976,720.92236,-267.29025,174.41324,707.2354,-134.40842,428.57397,687.2277,-59.449593,272.87946,688.4404,60.392517,425.2628,910.24176,12.963056,279.94583,913.93536,124.166534,435.90762,1099.1213,286.52673,289.02676,1103.704,426.33466,447.92157,1129.614,305.65488,296.18008,1135.0585,444.97314,396.9191,1165.751,156.19048,277.48914,1167.7559,312.45633
35.jpg,257.98312,252.2547,-375.22964,285.28464,224.59387,-387.98254,296.65298,225.51404,-388.06323,308.20227,226.30154,-388.3879,261.22943,220.32703,-348.53412,254.30182,218.21677,-348.7818,247.2474,216.33055,-349.20483,346.13855,236.7312,-367.4176,261.98837,222.02185,-201.78772,288.26965,282.05713,-362.24634,254.15468,276.68146,-314.48047,457.80542,369.48383,-345.175,203.17725,360.86526,-127.01481,523.6308,541.2097,-283.684,147.99867,509.96887,-63.233124,494.7549,674.8778,-281.02747,144.34787,652.66345,-141.04196,495.33252,718.86816,-304.76288,134.0086,692.99347,-173.6107,475.71048,710.7705,-323.94537,149.72635,699.3766,-215.03345,470.2963,694.7161,-285.76904,165.54755,687.7394,-164.21324,427.1783,667.2475,-62.634697,276.63275,667.4896,63.652374,424.68628,880.438,24.645508,284.06174,882.0172,145.61073,439.08145,1053.8087,299.77765,293.3739,1058.0773,448.7755,451.13998,1082.7266,319.6333,301.32642,1087.3253,468.37543,401.9955,1120.9591,175.40833,280.0472,1122.6173,343.05908
36.jpg,259.0501,248.58087,-344.04224,285.69818,220.00711,-354.4441,296.84338,221.48961,-354.54788,308.17734,222.8405,-354.87488,261.2176,213.9319,-323.8022,254.06226,210.96234,-324.14487,246.78352,208.24213,-324.66357,342.90024,232.43274,-322.48477,257.36688,212.09276,-197.8548,287.0207,279.73553,-326.87744,253.04437,272.19653,-291.13898,454.2145,362.6425,-294.44296,195.51965,365.5227,-139.12482,520.4586,540.47144,-220.14372,156.75278,536.9624,-91.60533,512.51843,670.5538,-228.20584,163.99036,687.81824,-140.486,518.56824,712.98517,-251.17241,156.02602,729.245,-165.73792,502.10718,707.25714,-273.5658,171.62216,734.81195,-206.54202,493.25098,693.2917,-236.94305,187.16505,722.234,-162.28323,443.5402,669.2228,-47.255188,291.45627,679.39667,48.35422,453.11688,884.97125,43.73217,313.38892,895.83203,128.02774,475.95547,1064.4218,324.3707,332.05093,1071.9397,436.4624,487.52264,1093.5874,344.43463,339.9672,1100.9613,457.28287,443.84924,1134.6957,202.12967,327.27036,1134.9907,328.81253
37.jpg,255.06332,250.07414,-339.87335,282.25186,221.63263,-351.9309,293.22995,222.5799,-352.01675,304.40906,223.401,-352.33228,258.7356,217.35248,-315.09497,252.30537,215.11107,-315.39355,245.75528,213.1113,-315.88065,343.03748,233.30743,-329.34482,261.14752,218.29857,-175.09598,285.52148,280.1894,-326.49188,252.69957,274.67828,-282.24957,458.52478,366.96555,-306.57022,205.58861,368.13138,-109.914764,519.0509,547.6075,-230.02798,156.27621,529.50464,-60.179604,506.8585,672.86896,-231.99982,163.04279,676.0699,-122.86781,512.02124,713.2584,-254.95804,154.72655,717.8064,-148.38123,496.10913,708.53424,-276.2643,172.22818,723.07697,-188.59422,487.94968,694.6266,-239.92834,187.06352,710.32574,-144.74205,444.13348,676.68225,-57.01399,291.4607,685.08795,58.106884,449.5023,898.28625,13.424348,308.70267,906.3962,123.23586,468.5455,1085.5503,298.36185,323.90796,1091.6316,433.69897,481.23132,1116.2911,318.6504,331.31238,1122.5059,454.2952,431.55902,1152.6748,176.27676,318.3058,1153.495,327.7771
38.jpg,257.4282,246.82368,-325.8293,282.4254,218.64673,-331.5509,293.1857,219.59378,-331.63647,304.14288,220.40451,-331.9373,258.355,214.34938,-302.5871,251.33772,212.08894,-302.9389,244.20932,210.06834,-303.44067,338.79868,230.17221,-292.43527,255.35257,215.56752,-173.91235,286.44357,276.9581,-307.70056,252.91216,271.5699,-273.78308,453.06555,360.8414,-261.0863,197.97249,369.14188,-125.91165,526.0955,532.1752,-181.35332,147.20259,530.55194,-86.4701,522.3257,656.40485,-186.59903,154.36829,682.8493,-127.89341,529.49854,695.7383,-203.84218,145.4718,725.9636,-152.56227,513.78564,691.756,-227.79845,164.48708,731.03186,-188.78796,504.64136,678.85156,-196.19165,179.26068,717.81836,-147.9355,447.44525,672.1552,-42.24323,293.92596,686.0203,43.210297,461.9557,894.33984,19.918657,317.88834,907.6329,97.17007,486.87946,1083.0176,294.60742,337.9622,1093.8649,395.13577,498.9174,1113.4917,314.02417,345.63113,1124.835,414.61847,455.73004,1152.2976,170.68602,336.094,1156.2137,280.75162
39.jpg,252.29669,248.92221,-323.66052,279.9374,220.91322,-334.6042,290.7557,222.3945,-334.6475,301.78,223.74129,-334.9303,256.66913,215.05777,-300.4608,250.30045,212.16437,-300.8178,243.82016,209.522,-301.33405,339.18137,233.7105,-310.21948,258.18057,213.78198,-168.69301,281.336,280.0132,-310.3083,248.86249,272.58786,-269.79956,452.01923,366.38968,-287.55237,202.29935,365.787,-113.972,516.3636,542.222,-204.40437,153.95515,524.8144,-74.61648,510.40604,663.4891,-201.16064,163.65996,678.22375,-130.14229,517.1368,701.68933,-221.74234,154.89189,721.2666,-153.0258,501.8228,697.6916,-243.3241,173.39784,727.7402,-192.55751,493.00998,684.9975,-210.11694,188.25279,714.97327,-151.87285,446.00803,674.5334,-52.08077,295.34192,684.195,53.10825,457.35645,896.234,22.314137,317.91776,906.1763,125.40697,482.74686,1084.5653,312.40146,336.8933,1091.0197,437.90704,496.10355,1115.137,333.41272,344.53354,1121.7943,459.56894,447.10913,1152.8085,192.95465,331.71497,1153.0479,335.4956
4.jpg,289.64697,245.09648,-416.1334,313.68256,219.46942,-399.0244,325.97937,220.29066,-399.0982,338.44977,220.9841,-399.36047,283.07977,217.46973,-381.6073,273.06354,216.67157,-381.83865,262.93298,216.04382,-382.22546,367.58734,237.3897,-277.87714,263.12863,229.56027,-207.16266,318.0859,276.1937,-369.49307,275.8827,273.5218,-349.42035,462.46362,370.6502,-220.50607,196.07013,373.25308,-124.08618,527.8901,541.19763,-160.07082,149.77675,536.25916,-74.322845,503.23502,676.07245,-238.53421,160.33484,672.0654,-159.95665,506.41266,722.86334,-270.63452,150.7914,713.398,-188.0504,483.93854,719.34656,-290.98483,171.2864,715.4236,-232.73138,475.40027,703.4245,-246.61536,185.83191,701.73303,-180.66408,427.2189,675.1388,-28.17218,263.50482,682.6632,28.98457,426.56653,902.3665,-42.88897,275.24597,907.5885,6.026506,435.48413,1095.5223,196.03178,284.15646,1099.0903,286.7602,443.18872,1125.9691,208.47235,287.97894,1130.0361,300.26752,407.8807,1165.5956,26.729574,283.30127,1164.8939,131.64632
40.jpg,251.67224,252.47667,-299.7148,276.8537,223.43347,-312.87347,287.15997,224.19385,-312.869,297.68512,224.82874,-313.14417,254.5942,219.54855,-276.40826,248.60742,217.36905,-276.77234,242.51813,215.42482,-277.2907,334.87,234.13664,-298.56744,258.04294,220.3587,-144.93692,281.45337,282.0711,-289.7122,250.43399,277.16852,-245.81775,446.3321,369.60712,-284.01447,211.51904,369.99652,-88.68327,503.97342,558.1374,-210.84032,159.97926,533.3946,-53.649513,507.7041,684.43463,-198.61813,163.06784,684.0968,-112.76492,518.6065,722.089,-218.72629,152.00081,726.7153,-131.10559,505.18555,718.8248,-242.00302,169.39685,732.95844,-172.04283,495.38953,705.7359,-209.18913,184.56458,720.46326,-134.94666,447.97382,686.0406,-58.56559,301.96057,695.5275,59.58036,464.35,916.31995,0.9765781,323.52417,923.18744,119.3613,495.16495,1112.0491,298.66757,344.52838,1116.2738,438.8885,511.1708,1144.2675,319.8244,352.47858,1149.6171,461.2007,457.86502,1176.1356,176.07101,340.13562,1174.585,339.1045
41.jpg,252.29657,248.24255,-323.42206,277.291,220.04831,-330.70972,287.98828,221.15782,-330.79852,298.8846,222.13403,-331.13083,253.67438,215.20248,-301.50958,246.82143,212.71346,-301.8661,239.8693,210.47453,-302.38663,333.49792,231.87573,-296.07358,251.3573,215.5036,-176.02936,280.96585,278.58337,-306.65726,247.96106,272.59555,-272.32327,447.96878,363.13297,-270.45853,197.30211,371.14124,-125.81331,515.8423,540.4998,-188.18881,156.08969,538.3206,-89.1474,516.3346,665.86285,-199.33963,173.7757,687.535,-138.88968,524.63416,705.7556,-223.36916,168.52332,730.4967,-164.05612,510.7342,701.52936,-247.23274,186.61041,734.35236,-201.01431,500.96402,688.56696,-210.05463,199.55412,720.6156,-159.32379,448.48386,669.2435,-45.263058,298.893,683.1629,46.33589,463.7339,887.82526,30.005657,323.66278,900.8193,122.55126,492.20074,1072.3815,319.50238,345.56067,1081.2745,436.87228,505.50507,1103.06,340.29117,353.85236,1111.8358,458.67337,460.07556,1139.6522,198.27301,342.22812,1142.5396,332.22833
42.jpg,245.82558,253.53207,-327.50763,272.89456,223.23041,-342.33643,283.9352,224.36514,-342.37726,295.18298,225.36905,-342.69366,249.29124,217.79434,-305.70868,242.76251,214.90826,-306.06992,236.1363,212.2793,-306.60925,333.5358,233.40689,-325.9107,251.38197,214.84978,-173.91885,276.21915,283.71027,-316.04495,243.2937,277.03394,-272.56506,451.16196,367.05502,-304.8605,201.9971,367.97125,-111.5182,516.6587,553.14465,-224.50769,155.04855,532.68756,-66.70132,516.4999,675.8069,-219.99857,174.80766,685.159,-127.29138,525.28894,714.2021,-244.41415,169.13773,729.0458,-152.11177,511.8512,708.12195,-265.80243,188.61885,733.88855,-190.6402,502.1567,695.2169,-229.56332,201.90056,720.25586,-148.70503,455.35254,675.2443,-59.97888,306.4934,686.5794,61.108383,473.6626,896.0866,26.486164,333.50632,906.96564,142.77014,505.4873,1081.0682,331.4123,357.1703,1088.6984,476.3731,520.8705,1111.2274,353.71204,366.58936,1119.236,500.0357,470.60666,1149.4946,210.18683,350.83118,1150.7091,377.70688
43.jpg,248.26031,254.26794,-305.78122,274.39447,223.5214,-319.98978,285.1621,224.0738,-319.9936,296.13748,224.49747,-320.2657,251.34769,219.73615,-282.49435,245.13626,217.4415,-282.87982,238.8167,215.38968,-283.39276,335.12164,231.99463,-304.12433,255.26294,218.58673,-146.58936,279.3725,282.98566,-294.8321,247.30893,278.2288,-249.75822,450.65424,362.13828,-281.4104,209.2685,368.41095,-94.10931,518.36444,545.2028,-207.62213,157.81885,533.88165,-64.72928,524.4775,677.00183,-194.45421,163.48065,688.00464,-123.24408,535.63306,715.51324,-214.57681,153.27513,730.7546,-146.0535,520.2207,713.7123,-236.87065,170.8588,737.00146,-183.1273,509.9022,700.6156,-204.20668,186.10283,724.38434,-144.39983,456.61188,680.98895,-54.669975,309.43954,693.2643,55.68546,474.79474,907.58044,14.166546,334.6231,919.677,125.86183,506.1875,1101.1644,316.34293,358.0871,1109.7379,447.69995,521.81726,1132.7114,338.47324,366.39542,1142.4078,470.26822,470.7049,1166.498,194.92236,353.44162,1169.3962,347.4845
44.jpg,254.41501,254.99513,-331.02554,279.82388,226.65384,-340.00885,290.5922,227.52084,-340.09677,301.55585,228.26016,-340.3979,256.28436,222.39267,-307.76828,249.59775,220.08008,-308.11984,242.79497,218.00975,-308.63916,337.74683,236.98448,-309.17834,255.88449,222.24074,-176.2463,283.9939,283.84033,-315.5647,251.18835,278.5673,-277.47012,452.55493,363.5435,-281.2643,203.76039,372.86813,-119.767136,516.983,540.4348,-208.17902,162.39107,540.13464,-79.79233,514.8473,661.0658,-220.44366,177.12173,683.57733,-135.7382,522.5141,699.0266,-244.32822,171.40189,724.3427,-163.40219,507.44617,694.3499,-267.04486,189.08267,726.9299,-198.62195,497.98892,681.88513,-229.97047,202.1746,713.9956,-155.2999,449.77933,664.18805,-48.028175,300.68173,678.0524,49.045795,462.7837,881.43256,24.77784,323.92358,892.8719,120.213745,488.37073,1062.063,307.84875,343.9877,1069.5802,429.65396,501.78012,1092.0226,328.01242,352.45996,1099.1389,450.209,455.97867,1128.523,186.52693,340.06302,1130.8474,324.09836
45.jpg,253.37769,255.69875,-336.09253,280.6992,226.52625,-348.25806,292.0219,227.42981,-348.3208,303.5449,228.19882,-348.6462,256.31558,222.02293,-310.88818,249.51419,219.5989,-311.2301,242.60208,217.42447,-311.7285,342.36618,237.00589,-326.35867,257.87402,221.28302,-170.91017,284.50467,285.3866,-323.67038,250.54292,279.8214,-279.02896,458.5072,369.8198,-306.0172,205.57274,370.99026,-110.05373,514.76355,553.645,-239.51031,159.98482,536.4309,-65.57632,505.90637,678.36676,-245.79924,173.58682,683.9627,-134.70021,512.81915,717.8787,-272.05664,167.12807,726.5872,-163.88106,496.7151,713.12726,-292.39978,185.76302,730.4884,-201.2192,487.7213,699.6335,-254.22693,199.42061,717.5233,-155.6296,449.42215,674.9896,-55.845337,298.49548,684.36053,56.8734,460.4214,891.7527,22.171272,319.58978,901.6644,135.25735,483.03036,1072.0013,304.4097,337.9406,1078.9994,443.03857,496.68005,1102.4196,324.96414,346.40442,1109.0903,463.81384,448.91492,1138.4584,188.752,332.58316,1140.9038,344.5729
46.jpg,258.54977,255.22398,-351.9365,284.14218,226.14075,-361.3341,295.4565,226.65361,-361.38516,306.96344,227.02675,-361.6832,259.36755,222.85786,-326.73914,252.14868,220.96976,-327.0559,244.81229,219.31998,-327.56195,344.0819,235.7085,-328.75714,257.9502,224.05603,-185.39835,289.4946,283.85025,-335.2441,255.04793,279.71533,-294.00217,458.84677,365.95944,-305.7846,201.45813,369.7279,-121.038025,511.22888,552.85565,-243.16237,154.54063,536.153,-75.189995,498.95654,675.12317,-258.3633,166.97302,680.8247,-145.4878,504.2182,715.2872,-284.37616,160.4033,723.364,-175.53403,489.1537,708.97577,-305.127,178.72928,725.8324,-213.7367,480.34552,695.1889,-266.36624,192.33778,712.3878,-166.20209,442.58395,672.1791,-50.46104,289.4,682.79376,51.489708,450.5161,891.1927,12.656855,310.65082,900.0213,112.31723,470.78973,1072.754,279.4006,329.00952,1078.5527,412.27536,483.38287,1103.5197,298.21075,336.69434,1108.9979,431.44482,438.74875,1140.032,157.97571,327.17993,1140.0194,306.16156
47.jpg,252.96198,254.08395,-361.884,283.4953,225.74,-372.15726,295.62332,227.45364,-372.2293,307.91638,229.02711,-372.54724,257.375,219.0186,-335.2397,249.86475,215.78711,-335.55954,242.24287,212.79628,-336.06982,346.52612,238.47604,-339.22937,256.45197,215.27612,-189.1192,283.25894,284.97656,-345.16513,247.03355,276.66443,-301.9197,455.4692,367.74026,-311.07248,203.22151,364.92087,-120.276405,522.3036,539.7408,-243.74875,164.99182,531.49854,-67.20343,509.61444,657.80133,-245.20795,170.97586,670.5959,-138.08008,514.38934,695.9841,-269.4956,163.50969,708.4791,-169.0416,498.12817,688.2571,-287.8995,178.10248,712.90076,-207.55823,490.81393,675.46606,-251.8034,193.1593,701.77795,-159.85864,447.70807,654.5979,-55.754093,300.61475,662.6433,56.70179,459.59457,865.6994,28.823765,322.73267,870.6277,138.92332,483.67657,1036.1781,306.7683,342.537,1039.0619,439.67914,497.0323,1065.047,326.7588,351.0285,1067.5737,459.4229,448.3627,1102.5063,183.74097,336.96136,1098.5386,337.3322
48.jpg,259.21283,257.03577,-363.40424,285.8296,228.11018,-371.67148,297.39954,229.05608,-371.73428,309.14868,229.85246,-372.02466,260.35803,223.44235,-339.1461,252.82373,220.99574,-339.47507,245.17542,218.79306,-339.9742,345.48456,238.0342,-333.25287,256.7963,222.24518,-200.19513,289.19818,286.13736,-344.42346,253.96234,280.30237,-306.1037,459.14648,363.37576,-298.67032,195.3666,367.34152,-140.01527,522.64246,538.76166,-222.60542,150.90376,533.9788,-92.78439,515.0575,666.6668,-232.60373,159.90436,683.4477,-149.15343,521.5235,707.70746,-254.85709,152.08907,725.41895,-176.91135,505.11755,703.7145,-275.94736,169.5324,729.71484,-216.37985,495.69092,690.45,-240.28168,184.66524,716.85223,-170.29666,442.79282,664.26587,-44.91583,288.0519,675.22815,45.945164,447.98633,880.34326,22.344898,308.18237,890.1549,111.170364,466.53534,1059.4321,281.7414,324.06937,1065.9589,404.8488,477.74396,1089.576,299.9922,330.9005,1095.6528,423.59625,435.719,1128.39,158.854,322.6996,1128.1904,296.3397
49.jpg,258.18216,257.4026,-354.52863,286.73288,228.78694,-365.56738,298.33423,230.24483,-365.63107,310.1206,231.5704,-365.9024,261.2761,222.80977,-332.38574,253.94037,219.85693,-332.72708,246.4792,217.13988,-333.27164,347.4937,240.53046,-329.9727,258.57663,220.17981,-195.49625,287.5647,287.682,-335.81284,252.52275,280.11832,-297.1579,459.0187,369.8384,-293.28732,192.7372,364.06375,-134.68524,521.3482,547.8127,-219.94891,141.50832,524.26624,-83.26209,507.53616,669.95,-228.50975,148.6213,670.9802,-141.58362,511.65125,709.6417,-249.8778,139.52179,711.82745,-173.99062,495.19458,702.53125,-270.86456,158.06067,716.4241,-211.5938,486.70526,688.81085,-236.15088,173.08878,704.4319,-162.55693,436.43048,671.02527,-44.06393,280.4336,678.2991,45.133865,439.4483,890.3991,25.650654,298.84454,896.8633,100.74979,455.64822,1071.1731,297.64542,313.27774,1076.2457,405.06592,466.0236,1101.1531,317.0573,319.71716,1106.2152,424.32703,424.94962,1139.7444,173.77174,312.21588,1137.7446,289.96768
5.jpg,286.12695,242.57959,-422.71945,311.55518,216.9463,-407.18738,324.06793,217.85448,-407.25055,336.74414,218.63254,-407.55072,280.9859,214.68263,-385.9628,271.11954,213.80278,-386.192,261.13525,213.0948,-386.56036,367.30624,235.23174,-289.17102,263.45895,226.20676,-202.90718,315.29004,274.16614,-376.70728,273.15823,271.07318,-352.05896,464.23517,369.88947,-229.07315,197.95355,372.32523,-114.50156,533.53674,542.0045,-153.86559,157.8675,538.3924,-54.700058,516.501,684.27,-219.40778,165.53165,674.1144,-151.3321,522.9552,733.16187,-250.73871,156.52206,715.2104,-178.12329,498.23676,731.30493,-273.64917,174.01654,718.5605,-226.38452,488.69794,714.3349,-227.57607,189.26944,705.0613,-173.0581,429.5999,675.1742,-32.92788,265.57956,681.3836,33.833702,426.3421,904.15845,-46.99353,275.9405,907.1607,10.451718,434.60693,1098.2478,189.61931,283.83167,1099.9757,291.2755,443.6829,1130.2888,202.14105,288.31833,1132.2805,304.9571,402.2375,1166.1509,17.867683,280.82956,1164.2411,139.86026
50.jpg,257.31964,255.15277,-396.07684,290.21915,227.4428,-402.92346,303.17984,229.34915,-402.95193,316.29633,231.11967,-403.21344,261.7541,220.61208,-365.58032,253.37817,217.48358,-365.9027,244.87744,214.5698,-366.43823,355.4114,241.83446,-350.29755,258.01694,217.74387,-198.39476,288.09857,286.10788,-371.3287,248.85298,277.39285,-327.54083,456.72076,371.09055,-304.35083,194.20662,355.13718,-125.97244,527.0325,538.63403,-248.3205,138.29042,505.948,-71.60286,501.7829,661.1853,-251.54144,134.5592,650.4308,-148.89832,503.20956,701.83923,-273.92145,122.46933,688.8627,-181.69296,482.98346,691.35266,-290.33624,138.0542,696.35297,-222.18324,477.10608,676.8235,-255.9002,155.31854,685.96783,-171.11166,427.0805,661.7292,-50.707756,273.76923,662.26245,51.63408,427.23663,871.2316,24.633436,281.3698,873.7098,116.21377,440.01468,1043.003,284.31384,287.6615,1046.2961,411.29865,451.23022,1072.1086,302.49152,293.90204,1075.5275,429.42224,404.0456,1107.2454,151.59056,276.51758,1106.2563,301.4416
51.jpg,262.22058,261.93997,-398.77148,292.48752,232.2583,-407.77438,305.04776,233.45639,-407.7618,317.78415,234.52089,-408.01755,264.4192,227.25743,-371.152,256.17093,224.70706,-371.4486,247.79861,222.36499,-371.98062,356.4411,243.46945,-356.2785,259.92874,225.2901,-205.31633,293.1696,291.1018,-373.5067,255.00058,284.5522,-330.11224,462.2904,371.437,-309.89508,195.29764,359.25305,-127.972626,515.2428,555.6563,-249.34787,145.32487,518.23737,-77.23487,496.77582,675.2555,-279.32693,147.50473,660.4879,-161.4714,499.83008,714.2236,-305.25183,135.9007,699.0321,-190.27133,482.6456,706.2985,-324.51605,152.3563,705.78827,-234.17654,473.83124,692.7903,-286.028,169.8983,695.23236,-184.00507,431.8827,674.1419,-49.597607,273.71732,677.8368,50.587357,432.27277,895.16455,7.7254877,285.6878,898.7188,105.80032,444.03833,1080.5795,274.4436,297.854,1083.086,407.99878,455.39566,1110.8693,292.55304,303.3917,1113.8733,425.82227,408.8747,1147.3491,138.71878,293.84372,1143.9187,293.11725
52.jpg,260.85004,268.93747,-358.2654,290.74985,239.51611,-370.30164,302.55194,240.71683,-370.30472,314.54333,241.7964,-370.5288,264.73926,234.38882,-333.99368,257.42303,231.73083,-334.33887,249.96703,229.27519,-334.90634,353.44254,249.81396,-328.2912,263.77548,231.117,-179.3128,290.8014,297.3377,-336.19287,255.63368,290.5723,-293.47714,458.9293,377.9756,-278.07465,199.90552,363.37878,-111.4866,516.8537,559.47626,-221.0369,143.46298,518.6301,-64.68845,498.75256,671.5761,-240.00241,138.9055,663.6006,-132.48015,501.27344,706.58215,-260.39822,124.34297,701.0807,-159.56152,485.12375,697.3134,-279.85562,140.60707,708.85895,-199.6681,476.83063,684.8382,-246.7708,158.72862,699.1988,-153.73622,424.97025,680.0535,-44.39201,269.75742,680.94025,45.27178,423.3883,902.8515,18.654884,280.13544,901.0363,95.31826,435.45132,1089.4503,285.32004,292.0311,1087.7378,396.51263,446.49707,1119.747,303.54553,296.56363,1118.8468,414.48105,399.96753,1153.6492,147.71692,290.36426,1146.146,278.00256
53.jpg,261.70743,268.61658,-399.52164,291.66135,238.30568,-407.80856,304.4261,239.16501,-407.7939,317.36435,239.88585,-408.02124,262.84558,234.12718,-371.52982,254.27713,231.84386,-371.81494,245.58517,229.76022,-372.34888,356.05872,247.62897,-350.11673,257.28183,231.99509,-201.02872,293.31134,296.55,-371.7738,254.40506,290.95007,-328.91748,461.16602,372.04355,-296.9907,191.79599,361.3198,-125.148834,516.6335,554.14557,-239.21967,135.68118,516.1737,-79.975426,497.53058,671.1573,-267.68857,135.29599,656.37036,-158.95412,500.00308,709.1511,-292.7592,122.31674,694.2857,-189.95609,482.48965,701.0053,-310.4913,139.7276,700.31573,-230.24527,473.64008,687.62103,-273.652,157.46214,689.9023,-180.24094,426.94348,676.1083,-45.34136,267.8976,680.3176,46.25431,428.2687,896.2717,4.9315877,280.36847,898.7782,91.133286,439.48087,1081.3701,263.69684,292.1129,1081.7832,386.5445,449.88824,1111.6895,281.1597,296.68796,1112.3984,403.39966,407.04288,1147.2891,126.647064,291.37283,1141.7168,268.65433
54.jpg,262.25217,273.99106,-372.68192,289.3828,242.12978,-384.96307,301.4599,242.14583,-384.96396,313.71814,242.03561,-385.22382,262.48364,239.73639,-348.94406,254.58847,237.98198,-349.2642,246.55688,236.42827,-349.74237,352.61414,247.19814,-339.62894,259.45367,237.85472,-189.63931,294.3854,299.7034,-348.61722,258.0027,296.39145,-305.43857,464.11554,368.23862,-283.56674,197.8372,364.18515,-122.67793,528.7239,547.60565,-225.13503,142.3002,520.0791,-76.905426,508.1363,680.03314,-239.07555,145.65157,661.974,-152.0613,511.56348,721.6262,-259.87485,134.41495,701.3136,-187.49083,490.97052,715.184,-278.5077,151.70403,705.6147,-220.45052,482.42184,700.2487,-245.01372,168.0586,694.5665,-170.95674,428.89288,684.14105,-41.030136,269.48944,687.7776,41.849895,430.38254,907.0407,22.47532,281.48117,911.61365,91.418304,440.839,1093.7466,288.42828,292.0353,1097.6527,389.22,451.41373,1123.9685,307.4806,297.51724,1129.0629,407.41245,409.31702,1160.9036,157.42348,287.62558,1159.6433,274.30304
55.jpg,254.4372,272.23337,-341.83167,283.22137,241.17633,-360.7317,294.66702,241.94238,-360.7343,306.31192,242.59265,-360.99396,258.6768,236.76756,-321.1044,251.97755,234.24008,-321.4479,245.14377,231.92746,-321.98578,346.77692,248.93005,-341.79385,261.11975,232.88458,-176.67352,285.25275,299.8172,-327.1424,251.89043,294.04868,-279.67838,458.56488,377.51144,-302.10663,200.87683,365.24878,-109.93729,508.71735,566.80975,-241.96277,145.97931,524.5968,-58.346436,492.9145,682.6419,-245.4581,145.59904,669.7488,-123.490715,497.02908,718.2162,-263.139,133.42125,708.64404,-149.36678,482.41855,710.4059,-283.10562,149.85475,715.37726,-187.78755,473.55212,697.5903,-252.57654,166.94781,704.98584,-144.0632,427.78723,686.71063,-53.005516,273.85394,688.1343,53.935417,427.4078,908.9987,27.31334,285.1557,910.2976,114.271454,442.3564,1093.8451,305.90024,299.19507,1095.8258,424.16486,454.89636,1123.5117,326.14795,306.03827,1126.5618,444.27277,405.9929,1159.267,181.60927,292.39468,1156.3341,318.61615
56.jpg,251.36188,272.67264,-369.08157,280.2109,241.09248,-387.97638,291.92715,241.7597,-388.01224,303.84366,242.30292,-388.2864,255.28093,236.61601,-347.90063,248.3765,233.9873,-348.2412,241.3437,231.59778,-348.78748,345.33215,247.63441,-369.0987,258.07703,231.71053,-202.68481,283.45007,299.9192,-354.98907,249.24965,294.28775,-307.05005,463.07214,375.13904,-328.07877,201.54997,367.62952,-134.76271,521.38196,560.399,-266.46133,147.60574,526.54913,-87.728,508.63696,682.58105,-273.207,151.45071,677.4947,-153.83322,513.2651,720.146,-297.01697,140.54556,718.0378,-184.56358,496.94727,712.57806,-316.30124,158.2979,724.62537,-222.76599,488.0223,699.37415,-280.27106,174.8424,713.38306,-175.17093,438.84125,682.01044,-52.771038,285.48795,685.8117,53.760307,440.77698,900.56604,43.571033,301.00247,902.90454,141.72618,457.94305,1076.0366,336.22217,316.56726,1079.3755,469.9515,470.8286,1104.9806,357.79388,324.1101,1108.8605,491.73108,423.7591,1141.8334,216.03036,310.48804,1140.6456,368.62366
57.jpg,248.64389,271.90057,-336.29132,275.75595,240.01433,-353.0209,287.09357,240.32518,-353.05035,298.62567,240.51129,-353.31436,251.56303,236.5438,-315.3376,244.89136,234.29263,-315.68903,238.09235,232.27441,-316.20795,339.16083,245.82246,-331.2439,254.31073,233.42772,-174.41428,280.57773,298.71368,-321.79828,247.26318,294.24362,-276.68835,457.89624,370.4178,-288.32114,198.01805,371.49786,-120.575226,520.9845,551.8345,-220.6908,148.8897,531.6481,-80.68139,516.2164,676.9916,-223.70422,161.9606,680.45996,-142.68318,523.4734,714.7046,-240.58722,153.62135,721.9978,-173.41002,508.3804,710.3396,-263.61694,171.75627,726.98376,-205.88815,498.1982,697.27075,-232.26056,186.46161,714.70026,-161.56679,440.56592,682.72955,-43.53241,286.05655,691.32806,44.481396,449.56165,906.2897,26.86181,306.76028,914.53375,107.69913,467.8199,1092.829,299.89078,325.846,1098.4431,407.94537,479.41644,1123.2924,320.05206,332.27954,1129.3757,427.40247,438.0101,1159.4011,181.90668,325.59564,1159.3435,302.8542
58.jpg,244.1593,266.20535,-342.76477,272.1013,234.87888,-362.54083,283.24323,235.44202,-362.59964,294.58905,235.88997,-362.87216,248.83131,230.64436,-321.79242,242.64136,228.09325,-322.14838,236.32263,225.78154,-322.6878,336.19507,241.16014,-352.53705,254.53232,226.20944,-182.98195,276.08456,293.40103,-332.368,243.90933,288.088,-283.56592,456.5476,367.5328,-314.0484,203.25508,366.37704,-119.805374,522.2311,548.02185,-243.38153,148.03786,524.55664,-69.645294,510.8467,669.19226,-238.8755,155.80702,677.7641,-128.03067,515.84155,706.19855,-260.15775,147.06064,719.66235,-159.31456,499.82568,699.5171,-280.8772,165.60593,725.29846,-194.17157,491.61865,686.32355,-246.57721,180.4379,713.1924,-148.46979,442.95233,673.1277,-54.81205,292.7991,679.9269,55.776134,449.1287,893.72015,36.850773,311.35242,898.56683,136.73227,469.96396,1072.8606,334.86435,327.96887,1077.4418,460.7513,483.30682,1101.624,357.01553,336.15265,1107.0234,482.70465,434.77603,1140.1321,212.48798,322.0514,1138.7578,353.55316
59.jpg,241.28357,265.89044,-319.54077,269.66876,232.73203,-344.44827,280.72647,233.3035,-344.52032,292.0021,233.78278,-344.8517,246.8775,228.09416,-300.9588,241.02606,225.23154,-301.34692,235.055,222.62234,-301.8755,335.08368,238.1183,-351.0835,254.951,221.73807,-166.3629,273.68945,293.7393,-314.54156,242.35092,287.96268,-261.50916,458.0619,370.09015,-319.99017,209.47559,364.61465,-104.39834,518.1444,561.6394,-240.89215,160.00586,523.9522,-52.77271,506.04443,686.03955,-218.14009,168.8423,673.6566,-112.96657,511.45575,722.502,-235.75485,160.76685,714.603,-141.76582,497.53284,715.07056,-257.45013,176.97601,720.6423,-174.79932,489.28442,701.98285,-226.79263,191.66518,709.4627,-133.37157,451.17307,689.12756,-65.9506,301.14294,693.2177,66.97578,457.68143,913.6679,45.86554,318.97723,914.5811,169.89893,484.46124,1094.8444,371.0891,337.2202,1095.1981,519.84125,501.4541,1123.7174,396.28296,347.36108,1125.6921,545.73016,443.32184,1162.6873,254.23561,326.09756,1157.5149,425.1782
6.jpg,282.95,237.42377,-405.98343,308.87985,212.52505,-390.1458,321.29825,213.63928,-390.22864,333.88913,214.61478,-390.55118,278.78775,209.73738,-368.7196,269.11545,208.68095,-368.99,259.32172,207.81294,-369.37842,364.6584,231.60442,-276.63336,262.52383,220.81898,-188.95706,311.89276,269.6666,-362.22046,270.3797,265.87402,-337.3088,463.01257,368.14197,-220.79831,195.29132,371.3663,-109.983665,530.5991,539.53436,-142.66008,155.93346,539.8701,-57.565712,507.9947,678.31476,-198.15392,159.87587,678.0135,-140.75475,512.28284,726.0912,-225.79144,150.23512,718.5841,-163.60391,489.04996,723.62787,-248.19855,166.00214,722.7621,-211.70905,480.21988,707.69324,-205.87274,182.09393,709.9265,-162.83003,427.66852,677.13116,-33.74407,261.8156,683.8003,34.678947,425.79413,907.60266,-45.571114,274.68774,912.7941,16.675533,436.78412,1103.9847,181.52493,284.14117,1108.0844,287.61865,446.44214,1136.0659,193.56285,288.57654,1140.2294,300.86407,404.44028,1172.176,16.250017,280.73398,1173.4468,140.7115
60.jpg,243.72896,259.10535,-326.71564,270.03687,228.63458,-343.81992,280.77042,229.03427,-343.83926,291.70993,229.31187,-344.10535,247.35854,225.10117,-304.44498,241.36116,222.87169,-304.81625,235.24522,220.8819,-305.3345,332.0078,235.38234,-332.03137,252.93637,222.87889,-167.31325,275.38092,286.4439,-317.11212,243.95758,282.02682,-269.81894,452.13678,361.82486,-305.6263,207.35727,365.35956,-106.23173,519.46875,541.1129,-237.9193,149.98267,516.86755,-70.675735,515.06793,667.98737,-229.60863,151.48495,663.3507,-133.5224,522.58234,704.9348,-250.68097,140.50017,703.0295,-162.78287,506.26126,701.436,-271.67108,158.43619,709.2705,-196.72864,497.2731,688.76807,-238.4597,173.63397,698.27185,-154.3396,451.93036,671.68585,-58.244053,303.80234,682.23047,59.18385,466.2233,896.9132,21.15126,327.12085,903.5923,135.53705,495.42566,1085.2571,316.57898,347.54077,1088.5465,450.8659,510.9571,1115.51,338.482,356.09198,1119.6075,472.74927,459.05115,1152.2021,193.04135,342.1347,1149.25,346.62704
61.jpg,240.46765,260.6409,-305.37598,266.60083,229.20851,-326.46838,276.97287,229.52467,-326.51852,287.56616,229.73805,-326.81976,245.19974,225.81557,-285.3702,239.79485,223.58319,-285.737,234.27748,221.59392,-286.23254,328.9006,235.88127,-330.2414,253.72989,223.67786,-154.42514,272.2187,288.34265,-300.2312,242.47404,284.0948,-249.84337,451.09967,366.49594,-303.18097,210.75899,369.69635,-98.39198,515.52673,551.5835,-221.6853,161.78027,528.21265,-53.72484,511.93878,677.98785,-202.38472,172.37709,677.2541,-106.45633,519.60016,715.583,-218.76982,164.29207,718.9431,-128.94412,505.69586,710.70874,-242.4806,181.09692,725.42334,-163.18489,496.5764,697.256,-211.71663,195.17122,713.0623,-126.558235,449.48132,680.7449,-60.781235,302.69528,689.3189,61.831814,462.36804,906.61017,27.01787,325.6163,912.92206,142.11263,490.97778,1094.5436,341.2195,348.71252,1100.0791,474.772,506.76257,1124.1012,365.04483,357.9317,1131.257,498.78055,453.6119,1160.5599,224.87344,342.82635,1160.582,377.40228
62.jpg,242.84677,251.1709,-272.0185,267.66895,220.74185,-289.57028,277.56653,220.82117,-289.6093,287.67188,220.79321,-289.88766,247.25868,218.40674,-250.84166,242.16219,216.71722,-251.21916,236.93092,215.25204,-251.71616,327.81772,228.81569,-286.7792,255.78764,220.12149,-122.01262,273.77383,279.09583,-265.4967,245.07576,276.0816,-218.2502,448.7672,360.03323,-260.5391,210.77577,367.22537,-75.720695,526.8309,535.2475,-188.58282,158.62257,523.0091,-37.51519,521.9097,666.35986,-173.2619,156.75041,670.3203,-96.551346,530.1458,704.3795,-185.6932,144.05913,711.2672,-122.7164,512.2261,700.31244,-212.24747,159.6785,716.1783,-154.28804,503.62994,685.96765,-183.52312,174.2981,704.28033,-116.35358,442.0194,683.00696,-52.66636,292.98663,691.476,53.51004,450.85385,919.0619,3.2118044,310.8509,926.07556,96.6587,474.77585,1123.977,280.35068,332.33627,1129.1034,387.0239,489.37262,1156.2744,300.16156,340.33633,1162.5826,405.76892,436.8675,1188.9884,154.56355,326.78705,1190.1996,273.86313
63.jpg,243.21826,244.8058,-290.9225,268.4801,215.16638,-307.8178,278.5576,215.29332,-307.85712,288.86014,215.31833,-308.138,247.51147,213.182,-268.13504,242.3043,211.81686,-268.49377,236.9603,210.67163,-269.00375,329.96353,225.44916,-306.4706,256.19077,217.87694,-136.58621,274.89505,274.00552,-285.5928,245.46556,271.4485,-236.88602,452.99393,367.48798,-287.76135,208.25865,364.39203,-84.21769,511.53772,560.44507,-221.82724,152.45773,523.3403,-41.313232,496.0243,690.35986,-213.45062,145.83376,665.8144,-94.727875,500.64835,729.6393,-228.76894,132.25757,705.0215,-114.43997,484.75635,724.59467,-253.27324,148.45154,711.1069,-149.44151,476.5657,709.8724,-223.0031,164.79034,700.1013,-114.804504,433.61566,682.6489,-58.010925,280.48138,685.5631,58.909954,434.98248,919.7057,-4.4599857,291.05542,921.8779,94.33215,452.57068,1122.5079,274.82608,308.54538,1125.4052,382.17392,466.98297,1154.9296,294.35086,316.70535,1158.9253,400.7379,411.31757,1186.8564,154.03801,300.24005,1187.903,273.45422
64.jpg,249.80247,242.92499,-293.6068,273.16788,213.5671,-308.6176,283.24286,213.2769,-308.683,293.53876,212.8781,-309.005,251.81808,212.83664,-271.03546,246.21431,212.04738,-271.3609,240.46646,211.46585,-271.80408,332.76596,223.1336,-299.0777,257.44208,219.86807,-137.25146,281.06302,271.30292,-284.97522,251.1698,270.31732,-238.54362,456.35034,363.03522,-279.7488,207.05624,361.2556,-83.02556,516.0693,552.3619,-218.63834,153.97997,518.79675,-38.068928,496.0307,686.9916,-216.12717,144.17375,659.80695,-95.96855,500.4264,728.18164,-231.30403,129.94376,699.5067,-117.09298,482.3503,723.9842,-256.53394,145.0596,704.9318,-153.41585,474.1699,708.5364,-225.20897,161.42006,693.9921,-116.46252,431.4697,683.59674,-55.417942,275.25064,684.7827,56.2818,428.23074,921.4263,-12.658253,281.5712,920.9906,83.547966,438.5882,1125.95,251.15305,294.88602,1124.3562,358.57083,451.06238,1158.7468,269.44156,302.1021,1157.7971,375.4341,399.13904,1192.4668,125.4739,287.00314,1189.0757,240.35959
65.jpg,243.79362,235.7153,-296.61407,270.58612,208.2947,-308.79556,280.71942,208.74095,-308.87964,291.06033,209.07048,-309.18094,249.74774,205.94003,-268.04578,244.53423,204.62134,-268.3929,239.15306,203.5265,-268.73547,331.61057,222.07747,-298.92972,258.47162,212.56522,-125.42411,275.0043,266.42856,-289.31702,245.33844,263.16556,-239.57245,453.372,364.319,-280.86853,207.4842,362.93536,-70.569244,521.15216,545.7994,-227.47498,154.18831,517.56726,-21.480818,498.0771,681.44934,-229.82697,145.09636,658.00635,-91.781425,501.62506,723.97906,-246.95938,131.91348,697.17334,-117.98352,481.2954,719.7033,-272.57147,146.92833,703.2873,-154.7521,474.44305,703.48413,-238.24155,162.57204,692.00525,-113.321724,427.2769,676.46796,-58.912163,273.35706,678.5622,59.731384,424.85846,911.99567,-21.866673,281.6525,912.35516,93.29041,438.0568,1114.2073,244.94102,297.76575,1113.9226,372.3769,451.44925,1147.2648,263.39108,306.8605,1147.1241,388.33386,393.52646,1177.6211,114.70442,282.06042,1177.719,256.36594
66.jpg,253.55852,230.97888,-314.52127,278.04922,205.02153,-320.29663,288.17966,205.52608,-320.36322,298.52222,205.90053,-320.64743,256.28302,202.90225,-285.2595,250.51724,201.78214,-285.56067,244.61319,200.88664,-286.0248,336.35638,219.59149,-294.84705,260.7106,211.63779,-146.44965,283.98212,261.94543,-303.09262,253.20253,259.12408,-260.6429,454.85657,362.1684,-278.6432,207.94,364.58588,-89.58382,514.87946,542.9362,-213.19443,151.49918,522.1878,-47.58571,492.81396,677.58777,-233.6253,146.8168,665.77734,-116.61308,496.36356,720.84064,-258.2169,134.9009,706.65424,-141.47691,476.93195,717.62085,-282.50546,152.8292,712.4621,-181.432,469.77707,701.9201,-242.6756,168.40155,700.01044,-137.93298,432.25064,669.2846,-52.228565,278.3636,675.24945,53.160583,433.15814,898.6256,-15.825547,290.4104,903.2734,78.95618,447.6927,1093.4812,246.76999,306.09662,1098.6691,355.59842,459.8639,1125.5094,264.0316,313.39536,1130.9131,371.6952,409.46655,1157.3492,120.28663,300.1986,1160.9742,237.96832
67.jpg,259.91592,229.13318,-343.20758,284.84735,204.8624,-342.54675,295.24915,205.90779,-342.6552,305.85202,206.82,-342.9828,261.82034,201.70781,-312.42117,255.27605,200.37134,-312.69238,248.59602,199.25769,-313.0848,340.76566,222.45406,-295.4492,260.85242,211.10129,-168.7976,288.7708,261.30225,-324.22754,256.1405,257.15677,-288.1101,452.50272,365.40817,-270.9093,202.53532,364.54153,-108.0951,510.398,541.66003,-197.63116,151.53778,524.7792,-60.381477,489.15393,668.7578,-230.7876,149.41138,668.1907,-125.49768,492.0788,711.39935,-256.36496,138.04227,709.5147,-145.40558,474.05872,708.05,-280.5833,156.0925,715.3567,-190.81424,466.47122,693.284,-239.69351,171.73935,702.46344,-147.94221,427.15305,666.12415,-47.934895,272.16547,671.237,48.910797,427.64493,892.3101,-27.071548,284.67465,895.2944,63.756123,444.38098,1083.4197,219.01102,298.99957,1086.4926,337.18915,455.92593,1115.3494,234.11736,305.90512,1118.1615,352.35507,407.96637,1147.5675,81.356285,292.0429,1148.9738,213.28137
68.jpg,263.48843,228.66254,-334.59317,289.50818,205.68175,-332.9134,299.9491,207.47049,-333.02167,310.58545,209.12184,-333.3454,266.28726,200.37111,-305.81973,259.58276,198.20425,-306.08575,252.76065,196.27121,-306.52737,343.94897,225.1508,-283.6833,263.55908,207.09703,-172.92755,290.63107,262.14038,-315.35458,257.5998,255.39276,-283.8338,450.33862,367.91272,-265.33826,201.54315,363.83127,-118.756485,512.3344,537.6422,-193.78494,146.70213,516.1776,-78.81174,492.28452,666.2052,-214.53418,145.4795,663.8351,-132.72147,494.5993,709.7273,-237.18199,134.30768,705.89954,-156.0067,478.22076,705.7661,-260.84235,153.48105,712.8762,-198.12172,471.33447,690.86206,-223.1711,168.43018,699.92487,-155.00447,428.524,662.55896,-42.933563,277.26617,668.26917,43.95267,431.62753,884.3733,-10.203295,292.4334,887.4409,72.39767,447.3584,1072.4668,239.39423,307.6197,1074.6362,344.29773,457.0572,1103.5912,255.40189,313.887,1105.4095,360.2068,413.96756,1138.0674,112.370224,304.95612,1136.3187,223.90623
69.jpg,267.69373,224.60515,-385.84888,294.25693,202.14752,-384.93066,305.08685,204.03064,-385.04248,316.0985,205.77681,-385.36688,270.42975,196.84344,-354.62823,263.32666,194.83896,-354.8442,256.09586,193.0473,-355.24307,349.05786,223.17072,-332.08527,265.86438,205.10854,-206.41997,294.48022,258.4922,-363.79816,260.2083,251.70485,-327.77127,452.49854,365.37482,-302.06818,196.76895,353.80518,-128.25865,528.7229,527.721,-223.32854,132.43834,499.96536,-60.093338,489.57324,660.2095,-247.35916,125.96773,642.0893,-148.21185,485.9148,707.12305,-275.1644,113.88149,683.79803,-182.02278,464.10437,697.63196,-297.41162,132.74443,689.3361,-227.04794,460.39655,680.783,-252.62372,147.93388,676.4242,-171.93147,414.55884,655.2006,-48.777298,260.54437,653.82214,49.76571,410.44675,873.9655,-7.4322467,265.1084,870.755,83.40787,420.5695,1054.082,253.54071,273.13116,1052.1385,378.3197,429.05704,1084.316,270.62476,279.34378,1081.9313,395.61264,386.77353,1120.2333,111.22006,263.50165,1116.8018,250.7445
7.jpg,282.57736,237.98598,-398.15427,307.73938,213.23007,-381.3247,319.99533,214.20018,-381.41037,332.41592,215.03299,-381.7009,277.7351,210.83098,-360.8066,268.07745,209.91248,-361.08456,258.29373,209.16978,-361.47424,362.57758,231.631,-264.84927,260.77792,222.2743,-181.31512,311.3459,269.8042,-353.56686,270.15915,266.5464,-329.88184,460.69275,365.85272,-205.84566,194.88832,369.83698,-100.095375,539.0276,532.88385,-137.17038,151.16339,534.2913,-47.498047,517.6907,672.2143,-195.90674,156.15776,672.1251,-140.0001,522.04333,719.87463,-224.00632,146.117,713.2708,-167.39546,497.1965,715.81616,-245.86877,163.90556,716.2706,-214.18085,488.8952,700.049,-203.05681,179.636,703.29565,-161.66364,429.97015,674.4399,-30.21833,264.46414,681.22266,31.146076,429.73267,904.82654,-47.916164,276.38855,910.0521,3.7018337,437.39688,1100.9396,185.64552,284.84317,1105.763,277.44046,445.4153,1132.404,197.91405,289.11713,1137.8073,290.36517,407.46973,1170.3269,16.730402,282.68616,1171.558,124.416794
70.jpg,269.6856,231.04677,-352.49524,295.38306,208.51073,-341.05237,306.74078,209.5112,-341.15057,318.27512,210.37465,-341.44153,268.49866,206.25217,-314.67105,260.38013,205.44139,-314.93594,252.12927,204.82138,-315.2265,350.98053,227.8385,-256.95682,260.10608,218.60504,-148.38289,299.03934,263.3981,-320.54608,261.9568,260.187,-289.58014,454.60953,368.68332,-222.25273,201.53506,367.00287,-78.75531,522.24347,537.2116,-158.4568,147.97763,520.13513,-26.072042,502.00403,672.4123,-197.85922,143.9457,657.5476,-116.75164,506.34842,718.7476,-223.00902,131.96494,699.30853,-145.19052,483.8648,714.85565,-246.35292,150.60646,703.50793,-189.5279,476.58282,698.53503,-205.064,165.66489,690.39575,-138.88263,425.10645,670.6531,-40.692245,266.46573,674.06635,41.563385,421.39368,897.6623,-56.243423,275.28027,898.77893,19.280626,430.20294,1095.9733,171.81812,284.9367,1095.6942,274.1408,439.95807,1128.7969,184.5209,291.36597,1128.3937,285.60614,392.28516,1160.1622,15.788685,275.1917,1158.4618,132.36786
71.jpg,274.5609,229.66017,-407.57178,300.89465,206.7738,-394.39603,312.91693,207.77115,-394.47067,325.0894,208.62883,-394.74606,272.28418,204.72404,-366.66113,263.37708,204.09897,-366.8872,254.3417,203.64241,-367.13837,357.50858,226.81909,-300.2792,261.2313,218.03911,-184.83557,304.6323,262.14856,-371.43768,265.1563,259.22757,-338.29684,457.3909,369.2594,-257.75986,201.49887,359.61246,-104.296265,520.3143,538.2809,-193.21548,144.49164,505.30484,-38.019367,490.56073,675.9625,-236.13084,135.107,643.4703,-138.07677,492.9228,723.942,-262.61694,120.5242,685.0246,-165.73529,468.5716,720.0336,-285.45865,138.99187,692.3571,-217.4278,462.49252,702.0305,-241.97925,155.44044,679.43097,-162.65144,418.71216,664.9124,-41.204926,260.81525,663.21985,42.00798,412.12543,885.56854,-58.791927,264.34332,882.983,14.149617,416.17978,1075.012,171.80228,270.3899,1071.7513,279.3213,425.3514,1106.969,184.56342,276.709,1103.7876,290.54556,378.57388,1139.0768,5.5503793,256.79843,1134.0513,134.53116
72.jpg,272.2697,237.70667,-423.52176,301.07724,212.14551,-417.68433,313.77725,213.16995,-417.7334,326.62177,214.0485,-417.98,271.62836,209.33893,-385.22372,262.3693,208.23872,-385.47388,252.97702,207.3139,-385.72223,361.35797,231.07462,-334.58176,261.05392,219.57516,-199.86087,303.25485,270.03915,-388.94742,262.50012,266.1019,-350.24765,457.26215,370.4784,-290.90295,202.95973,355.51874,-102.349976,515.92096,542.4513,-234.62721,143.28976,499.7755,-28.69334,486.8485,679.40045,-272.43524,132.95107,637.9059,-137.02234,489.50717,725.95355,-302.05554,118.08801,677.9561,-167.43274,465.12646,719.2565,-322.12338,135.565,684.9883,-218.23529,458.79468,702.26294,-277.37073,152.84361,673.3352,-162.32043,419.80798,662.3926,-51.119125,264.3894,659.613,51.925903,412.13986,881.8386,-62.736923,266.92612,875.86664,34.83852,418.42078,1069.4384,161.59071,274.3863,1061.7361,292.42722,429.05927,1102.0027,173.93875,281.9321,1093.859,302.99323,376.8676,1130.2504,-2.6812286,255.42691,1120.9612,156.7529
73.jpg,277.82568,240.50092,-383.53137,305.19083,215.57436,-371.42926,317.70685,217.02084,-371.47235,330.37338,218.33038,-371.71506,275.10983,211.42482,-349.224,265.39136,209.74011,-349.48688,255.5539,208.24002,-349.88104,361.0532,234.34367,-265.48203,258.74292,219.26167,-177.22461,305.97293,272.41223,-341.49368,264.20917,266.9379,-316.50348,450.33063,366.64163,-220.91676,193.20273,359.19952,-92.21923,527.99445,529.33514,-168.71725,142.62688,508.66934,-38.987705,502.52774,665.87744,-194.49796,141.3454,650.0625,-123.66165,504.81836,712.2277,-214.34798,128.41937,690.7066,-151.5601,481.39038,704.3641,-232.80382,145.61923,697.01904,-195.32895,475.13385,688.12006,-198.99123,162.3668,684.93304,-145.3652,419.43393,662.6454,-37.37574,262.3698,665.84796,38.227726,417.97104,884.88214,-42.550735,273.9163,886.20306,26.959007,426.41434,1075.6688,172.4341,284.29196,1075.0889,283.20563,435.611,1107.4009,184.4347,289.41113,1106.821,295.66815,392.62692,1141.5409,20.317467,278.55038,1137.7421,147.44804
74.jpg,273.08344,251.35632,-392.70096,301.30795,223.97015,-388.6496,314.16843,224.92117,-388.6636,327.17725,225.73732,-388.87637,271.23813,220.58209,-359.4344,261.7191,218.99757,-359.6794,252.08412,217.59158,-360.07785,361.13666,238.92242,-301.3694,258.31424,226.16214,-180.69754,303.11218,281.17838,-355.73608,261.53992,276.68954,-321.1249,453.78668,364.467,-257.75986,195.82993,358.56265,-92.25833,528.4653,525.36084,-214.12991,145.73244,510.63962,-35.114845,507.08368,658.9462,-236.99583,147.52487,650.8303,-129.57602,510.7924,703.3151,-259.4733,135.88916,690.4466,-160.08905,486.80994,694.4472,-277.50623,152.14365,696.35925,-203.49953,480.25986,678.40173,-241.08514,168.97919,684.4609,-151.59895,420.51294,661.0393,-46.096916,265.15247,663.13794,46.90885,417.87207,877.4337,-32.010593,273.56747,878.2963,58.367405,423.31964,1062.5546,193.67403,282.95404,1060.161,320.91068,432.42072,1093.2744,207.4486,288.3128,1090.7153,334.54227,389.1438,1128.321,48.40933,275.94244,1122.5104,196.78789
75.jpg,267.27942,255.13197,-375.61053,298.1058,226.55542,-377.63455,311.066,227.90216,-377.63992,324.17056,229.12128,-377.87613,268.37607,221.58588,-344.0666,259.2942,219.21043,-344.3673,250.0725,217.02104,-344.80484,359.73242,240.50726,-303.39752,258.6881,222.05023,-166.8352,297.00568,285.2572,-342.10385,256.40433,278.5884,-302.9521,453.10733,363.22488,-250.71007,192.89977,357.531,-85.15459,536.2102,526.81616,-211.79355,143.08566,509.57587,-25.3311,505.13025,665.22595,-219.91818,144.68645,651.34595,-118.35617,506.46042,711.29913,-239.89178,132.92345,691.0611,-155.09682,480.49377,700.67365,-255.2846,148.99155,696.4451,-193.25604,475.32666,683.6028,-222.45526,165.72664,684.8128,-139.10022,422.23914,666.45984,-44.088024,266.0757,670.29865,44.915024,420.95782,887.32544,-9.870173,276.97662,890.0666,66.05528,429.32642,1076.0934,229.27942,288.3838,1076.3186,340.07037,439.3479,1106.7692,245.00732,294.03094,1107.2212,355.08203,394.91534,1143.1638,82.164444,282.05136,1138.3574,213.62885
76.jpg,259.2666,262.28357,-399.67862,290.3899,231.48167,-409.6949,303.56308,232.21681,-409.70038,316.89987,232.83737,-409.96323,260.81796,227.47412,-369.6002,252.07635,225.24121,-369.9136,243.2032,223.20943,-370.45056,357.11807,240.58041,-356.40082,256.47708,225.20296,-189.13893,292.14563,290.07614,-373.08173,252.17526,284.84412,-324.9184,461.52573,369.37714,-308.4093,197.94193,353.98383,-106.374825,519.0435,552.4314,-268.05646,148.48492,505.53137,-44.615402,489.76837,678.8276,-280.64938,151.42697,647.4065,-129.02657,490.70837,719.5008,-304.17755,140.00803,685.3433,-162.6526,471.12027,707.9603,-319.67514,155.65155,692.69495,-201.98305,464.4672,692.7332,-284.93857,173.04053,682.31665,-150.77173,426.96567,672.7929,-56.89327,270.26752,672.54724,57.72641,425.55667,895.3196,18.17624,281.82254,894.1741,124.56015,433.63824,1081.0369,298.1371,295.6251,1078.0409,438.67444,445.91403,1110.2283,318.37582,302.9651,1108.3141,458.07968,395.76184,1150.5773,163.88953,285.78784,1141.3843,326.48956
77.jpg,257.5694,264.62286,-398.02536,287.54053,232.84161,-406.70435,300.71988,233.20525,-406.72546,314.06506,233.45111,-406.99304,257.78754,229.81561,-368.24457,248.84875,227.96056,-368.56372,239.77905,226.2969,-369.07993,353.68146,240.9541,-348.18066,252.2063,228.96829,-188.02597,290.8475,292.04877,-369.4267,250.49202,287.97205,-323.3238,459.98807,368.157,-291.86316,192.46309,359.31433,-109.028046,522.0244,548.29126,-244.13327,142.45312,512.99695,-50.885906,495.86517,675.246,-259.51654,146.85158,653.25977,-138.21028,497.80502,716.4235,-282.1681,136.08153,691.761,-173.82138,477.53708,706.29266,-299.1847,152.24539,697.7506,-211.62415,470.2014,690.8889,-264.19537,169.37471,686.7488,-159.22171,426.73297,675.02795,-49.657356,267.5639,677.7432,50.470577,427.28976,898.28467,10.377406,279.48315,900.0714,102.65526,435.78305,1084.5021,282.5396,292.29202,1084.3423,411.6985,446.80475,1114.016,301.73682,298.7351,1115.0052,430.2829,400.91568,1154.2848,140.6257,285.10797,1147.4979,291.05612
78.jpg,248.71753,257.02972,-394.26306,279.3428,228.72057,-406.94006,291.56924,229.74283,-407.01004,303.96628,230.64468,-407.31134,253.41331,224.27856,-363.56012,246.0515,222.09071,-363.79602,238.55603,220.11523,-364.231,344.62415,240.89098,-377.54834,255.43152,224.71814,-196.38397,280.78824,286.22827,-377.42734,244.50641,280.51767,-325.11487,453.63675,371.42462,-339.8922,199.57419,358.37686,-114.93415,528.0492,537.88165,-288.27844,140.6337,499.80527,-37.17958,502.51785,663.6524,-288.24973,138.78343,638.20886,-109.30229,503.6693,704.73145,-312.9498,128.38205,676.7932,-144.98206,483.50998,693.58636,-330.6034,144.87936,682.82153,-183.1942,478.47388,678.06445,-292.16098,160.6816,671.6238,-131.10289,423.00464,662.0993,-62.104954,273.7659,660.3503,63.009296,420.61182,872.6182,26.440342,280.22845,869.12885,141.30711,431.27667,1041.2953,305.34573,288.7365,1038.8412,446.88513,443.1515,1069.3613,325.77515,295.74405,1067.1692,466.52686,394.20947,1104.9277,175.87033,275.87253,1099.4442,341.70886
79.jpg,249.11453,260.9997,-401.146,277.65546,231.82153,-413.47275,289.73895,232.55801,-413.50732,301.9983,233.1623,-413.8022,251.53806,227.96425,-372.4604,243.94733,225.92165,-372.6953,236.23634,224.09618,-373.14124,341.54858,242.24825,-382.02332,251.49443,228.37575,-209.59908,281.1109,289.5617,-383.70856,244.7999,284.68597,-334.01413,453.0072,373.9195,-352.80676,197.48038,362.26547,-127.19273,508.37674,556.40625,-298.06888,150.31218,517.2176,-71.5559,486.93295,684.02563,-314.0459,148.6925,660.32556,-157.78064,489.72327,724.99347,-343.34244,137.62857,699.06946,-183.1427,472.05475,717.32166,-361.45078,151.95528,707.20496,-230.44304,464.77493,702.6109,-320.06012,169.5262,696.41034,-182.1945,429.13763,672.10657,-64.956055,277.31943,672.66095,65.897125,429.52484,890.68896,8.824717,290.05627,889.25287,141.67723,443.8813,1068.8516,285.23022,304.34448,1067.0038,445.594,457.5972,1098.8124,304.39142,312.439,1097.4569,464.8805,404.22162,1134.484,155.69513,291.67004,1128.4426,343.26465
8.jpg,273.45508,242.55621,-369.7218,301.7874,216.56862,-362.25354,313.98428,217.46149,-362.3084,326.35513,218.21754,-362.5922,273.32043,213.91797,-332.3419,264.6145,212.75462,-332.6584,255.75623,211.77538,-332.94055,360.86206,233.40532,-274.61206,264.31943,222.03767,-151.16525,303.79373,273.62534,-334.113,264.77115,269.75885,-298.88098,461.60315,369.55527,-225.95628,201.26747,362.9561,-76.59422,523.7162,544.4505,-170.45549,149.17938,519.3772,-20.532057,502.87958,679.2032,-209.85709,145.87355,658.6033,-112.64926,507.53442,725.335,-232.71872,132.98933,699.3947,-140.53795,485.11157,720.4836,-256.9555,149.91562,703.9395,-184.8645,476.9217,703.69476,-217.14445,166.16821,691.6914,-135.09508,424.13083,676.6645,-40.104885,262.91425,677.72925,40.87362,419.77716,905.77563,-53.14997,270.734,904.40814,27.15675,424.97742,1105.6984,176.9314,279.20435,1101.3656,289.33392,434.3188,1138.4352,190.07031,284.81012,1134.2837,300.7821,385.90512,1170.4677,14.236067,268.12497,1163.4608,147.43277
80.jpg,245.51149,263.09573,-370.60764,273.88974,232.49118,-392.72485,285.27246,233.21637,-392.779,296.85715,233.83653,-393.11444,250.15305,228.04478,-349.1411,243.79108,225.56253,-349.43262,237.30338,223.31729,-349.9538,338.85727,240.32753,-390.3102,256.19888,224.68417,-206.82297,277.76202,291.3374,-362.33075,245.10683,285.8437,-309.47543,459.32877,376.8535,-364.84216,206.5219,358.46027,-127.039604,508.72864,573.09827,-304.20233,154.48605,510.88892,-63.185192,487.4311,696.19946,-308.39435,155.98792,652.5969,-137.8218,490.92056,734.8874,-338.9674,145.8026,691.2694,-165.20947,475.2932,725.75323,-356.36285,161.85037,698.967,-207.76547,467.4973,711.3646,-315.54126,178.19968,688.38464,-160.9362,438.07614,677.9384,-69.60744,287.10666,674.7173,70.6019,437.50058,898.53015,38.040527,296.48373,892.8161,172.3819,452.40387,1073.8694,349.37085,306.7905,1069.3611,517.015,466.71686,1102.9742,372.43457,315.5006,1099.3649,541.2787,410.51358,1138.7694,228.66747,293.13208,1130.1327,423.3289
81.jpg,243.257,256.83408,-342.91898,269.84805,227.04398,-358.79703,280.81314,227.55312,-358.82523,291.97934,227.94328,-359.13263,246.69304,223.50208,-318.58038,240.38374,221.40875,-318.8899,233.96538,219.5529,-319.37564,331.74536,235.42178,-345.54932,251.32056,222.75352,-175.77103,274.8511,284.82196,-332.18182,242.55309,280.3533,-283.39984,448.68802,366.6546,-324.47522,204.91977,364.69644,-107.48726,506.46185,551.085,-255.18811,154.74246,521.3439,-57.67088,498.66193,674.4471,-249.67644,161.29358,666.6839,-125.60007,505.97717,712.62585,-273.14908,152.88098,707.83527,-149.2934,491.39655,707.9253,-292.7439,170.03555,714.2051,-190.55637,482.71448,694.5936,-257.70242,185.08772,701.9594,-148.06735,442.23663,673.9496,-64.89573,294.8489,680.66473,65.93298,450.46033,893.3875,19.802086,313.37878,898.64813,146.76053,473.99127,1076.4287,318.46558,329.04843,1079.6271,471.65045,488.75522,1106.1304,340.40164,337.1503,1110.0247,494.4713,436.1879,1142.8699,196.09756,320.9724,1140.4727,372.66937
82.jpg,240.31778,252.15948,-326.61188,267.6048,223.23431,-340.75623,278.47394,224.08891,-340.79187,289.5422,224.82434,-341.07336,244.67955,218.81747,-302.6692,238.47989,216.40732,-303.0192,232.16571,214.2431,-303.49725,329.0381,233.20052,-324.4297,249.23203,217.76427,-164.79219,271.24783,281.03003,-315.79657,239.07187,275.53705,-269.95068,446.1292,362.36188,-299.97656,201.88702,363.18698,-106.307144,514.77277,536.91144,-233.70035,151.08286,512.5381,-63.8134,507.42447,666.0015,-223.43329,160.69655,659.78436,-127.03823,514.2786,705.6273,-242.91684,152.52342,701.32263,-154.36404,497.4852,700.7488,-263.74194,170.73898,707.638,-188.3656,489.1057,686.8697,-231.1257,184.77618,695.2146,-147.01964,443.17136,665.2693,-57.024094,296.04684,673.71313,58.000786,452.64197,885.2169,24.828407,317.2691,891.5753,129.1633,475.18323,1068.6584,306.58606,334.69632,1072.5402,432.73984,489.15665,1098.4109,327.3379,342.95276,1103.0917,453.74356,439.10876,1135.1323,187.86826,326.78848,1133.2942,332.58878
83.jpg,233.86078,253.23663,-289.98254,259.56573,223.81776,-307.11612,269.73843,223.75374,-307.1712,280.1231,223.58855,-307.47888,238.83101,222.11392,-263.34302,233.73563,220.75748,-263.67416,228.5164,219.63455,-264.09836,321.99896,232.3891,-309.63812,249.85458,225.21947,-120.68134,266.35568,281.0103,-286.1629,237.15964,278.76468,-231.92511,443.49808,367.72137,-294.65176,210.15703,370.8681,-63.533627,505.63684,551.5187,-228.17146,160.09207,525.35834,-20.900291,496.1681,685.8005,-210.61205,163.48662,670.98615,-85.60001,503.39722,725.56696,-227.18065,154.5743,711.54865,-108.045876,487.0261,722.8209,-250.41504,169.92087,718.6952,-141.6609,478.8904,707.9946,-219.17421,184.2763,706.50244,-105.72313,431.2701,680.02655,-69.118324,285.74152,685.3107,70.015686,435.0805,908.9269,-3.5583925,301.39194,913.2738,127.98959,456.83643,1106.2197,286.37567,320.00153,1108.6133,427.76337,473.14447,1137.7039,307.68835,329.3996,1141.186,448.1313,412.9582,1169.4415,168.32773,307.29984,1169.7764,328.54285
84.jpg,242.67332,244.46136,-312.91455,269.81366,214.73508,-329.49237,280.3922,215.26852,-329.5658,291.17722,215.69429,-329.89407,247.90123,211.4018,-289.28683,242.29752,209.45581,-289.62958,236.55334,207.74829,-290.06876,332.15634,225.31503,-321.3295,255.34555,213.14781,-150.19203,273.94394,274.27142,-304.58267,243.24388,269.9357,-255.45515,453.73236,360.9879,-296.8121,206.25603,362.88995,-86.62898,524.6121,541.76166,-227.98378,155.3998,517.70557,-35.996574,506.80447,682.0987,-216.22348,148.79578,656.72845,-99.6767,511.30783,724.86475,-232.71826,137.30496,695.05804,-127.719315,492.49634,720.2036,-256.8781,151.5993,700.84344,-161.59401,485.11176,704.6892,-224.56378,167.25452,690.03253,-120.240585,439.71286,678.9786,-62.305126,287.08493,683.7109,63.295536,439.66217,911.14197,9.38423,298.2755,913.7194,122.70107,459.61804,1107.5466,296.97083,312.66248,1110.5311,425.92548,474.4836,1139.2042,317.8789,321.59827,1143.1017,446.17944,417.75494,1173.4618,171.57164,299.44678,1174.7068,317.30457
85.jpg,238.00667,241.41367,-287.8629,264.83655,213.33821,-299.2001,275.2335,213.68102,-299.2725,285.82898,213.9025,-299.5727,243.28241,211.10164,-258.2641,237.84692,209.74554,-258.60074,232.25905,208.6153,-258.96808,326.8375,226.16258,-288.0744,251.74644,217.14189,-113.9606,269.84583,271.84915,-280.4219,239.30795,268.85568,-230.46739,448.35645,364.31662,-271.73883,204.73553,370.03305,-59.699356,524.66266,540.90314,-219.91722,155.49812,527.4228,-12.810688,508.7099,683.5318,-211.81833,149.62848,669.3815,-84.04489,514.81903,727.194,-225.95741,138.60794,709.10376,-112.2363,493.51804,723.33636,-251.43584,152.65286,714.68274,-145.86577,486.5913,706.9318,-219.73488,167.55298,703.07837,-104.36691,431.12836,679.6043,-59.24241,278.6476,684.99774,60.10634,430.85843,913.32056,-17.976215,288.43042,917.58716,88.76266,447.45294,1113.1335,240.42952,304.04178,1118.1063,357.20215,461.78107,1145.0059,258.3004,313.01862,1150.6686,372.74213,405.03015,1177.8745,114.43589,290.97333,1182.5493,243.42354
86.jpg,243.46545,247.02487,-323.74557,269.09753,217.03949,-341.52158,279.32376,217.3885,-341.58234,289.77512,217.6323,-341.9151,248.0209,214.31726,-299.79068,242.66206,212.63297,-300.10626,237.18738,211.18417,-300.60144,330.3418,227.33574,-341.7149,256.5753,217.2252,-162.94153,275.09012,276.46036,-317.97998,245.26506,272.93567,-266.6802,452.73364,367.36023,-329.7141,210.60762,368.01855,-93.64495,512.0763,559.9457,-248.01001,156.63547,528.0786,-40.63511,500.0589,692.4138,-235.39496,161.83398,673.93555,-110.38809,506.353,733.6506,-258.68054,152.80963,715.996,-132.63074,490.66116,729.6164,-279.96793,170.73465,721.81665,-173.16988,482.5514,714.57574,-243.60309,185.71017,708.7181,-132.59337,443.3124,683.0509,-68.718956,293.60904,689.5885,69.812935,447.4845,915.70996,8.783215,308.67203,920.46643,134.1918,467.7618,1112.3438,318.54022,328.00906,1116.5217,460.7506,483.0214,1143.6257,341.055,336.52115,1148.8804,483.51437,426.27887,1177.9031,197.88573,319.98715,1178.2671,361.4764
87.jpg,244.4083,246.92953,-309.8125,270.63736,217.92357,-322.96143,281.14996,218.32355,-323.03146,291.87018,218.60999,-323.33923,248.61055,215.15799,-283.22968,242.86194,213.47655,-283.55634,236.99234,212.02878,-284.0016,332.09613,228.623,-310.4123,255.43344,218.27768,-140.62744,276.0468,276.16534,-300.66608,244.95705,272.61917,-251.9497,452.03036,363.87924,-292.13666,208.85614,368.82178,-81.45516,521.4665,543.1874,-221.90549,156.62115,525.38293,-35.910637,510.7146,675.07526,-210.86047,161.3118,670.72406,-105.45947,517.0917,715.6251,-228.63045,152.37885,711.833,-131.10152,500.19608,711.3908,-251.57877,169.40924,717.89966,-166.68613,492.43924,696.62305,-218.92708,184.09712,705.19226,-126.16573,442.72028,678.19653,-62.25578,292.51187,686.4987,63.26746,449.90094,907.90216,2.2598,310.2574,915.8126,117.7813,471.6965,1104.4104,290.6451,330.45914,1111.2706,419.64297,486.2399,1135.4883,311.6949,338.84943,1143.36,440.09982,432.60037,1170.6449,170.0387,322.8265,1173.9247,315.73108
88.jpg,254.40019,243.57779,-336.6739,278.8465,216.79279,-342.61417,289.4153,217.69992,-342.69708,300.18036,218.47998,-343.03424,255.53087,212.95154,-312.68243,248.72797,211.02007,-312.97888,241.8174,209.32912,-313.43695,334.57996,229.53032,-306.2667,253.50548,216.39561,-182.14409,283.2109,273.59534,-319.32465,250.33572,268.79285,-283.7577,448.93524,362.17477,-285.38052,199.3713,367.37817,-125.511566,515.2721,535.20245,-212.76009,152.41182,522.6073,-79.35832,506.52072,665.3144,-220.87083,162.43086,670.1585,-134.43642,512.68304,707.8721,-242.5217,155.08635,713.2467,-159.24612,496.69223,703.50916,-265.23035,173.77739,718.52673,-197.67433,488.1703,689.0072,-229.50137,187.80661,704.7537,-155.23535,440.69788,664.89813,-49.88081,290.81128,675.49567,50.920925,447.9638,883.5346,27.723295,311.98682,892.4185,114.59853,468.53824,1067.2227,300.7624,329.06232,1073.5165,413.91852,480.77228,1097.0515,320.08856,336.4409,1103.801,434.09955,434.49323,1135.2329,178.80548,323.8022,1135.3174,307.60098
89.jpg,250.31055,242.26256,-350.37704,275.4298,216.5399,-355.90997,286.0107,217.57498,-355.97394,296.7908,218.47592,-356.28128,252.1904,212.63132,-324.45953,245.54985,210.75319,-324.72714,238.80211,209.10997,-325.17847,332.3734,230.41089,-319.78574,251.74455,217.0182,-188.80675,279.59552,272.7379,-333.5574,246.88264,267.81946,-296.04068,447.40018,365.01526,-297.485,199.35027,366.32214,-125.796616,512.6955,537.67975,-221.90448,148.86792,518.3549,-78.4297,499.84015,667.6099,-230.73834,148.79897,665.73566,-135.40092,504.8964,709.8383,-252.84854,138.11151,707.6285,-156.89624,488.75104,705.49133,-275.64038,156.02287,714.8196,-200.42879,480.97012,691.14154,-239.23201,171.63087,701.95703,-158.05055,437.97058,663.9909,-53.220158,287.73193,672.1456,54.25919,441.99677,886.4936,9.234165,305.34866,890.8684,108.91781,461.30542,1073.0077,282.95883,319.78683,1075.951,407.44357,473.78864,1103.6803,301.68805,326.7843,1106.8909,426.8042,424.64172,1139.6602,156.44794,314.1013,1137.4944,297.41626
9.jpg,272.94266,241.24489,-405.379,301.84558,215.44324,-398.32874,314.21674,216.29869,-398.40878,326.74316,217.0128,-398.696,273.1742,212.97838,-365.69952,264.27884,211.96046,-365.99564,255.2278,211.1174,-366.18085,361.26843,232.86961,-309.8946,264.0218,221.89587,-174.85388,303.72797,272.39197,-368.75598,264.16885,268.79294,-330.04028,460.75305,368.06546,-257.88077,205.55258,361.66876,-80.21129,526.29236,538.5103,-204.14801,155.18883,515.73486,-10.867296,504.67102,677.145,-246.79674,144.73788,652.9556,-115.527985,509.56784,724.7186,-272.39014,131.05151,692.8685,-140.9796,486.0057,719.5153,-296.19238,144.81508,698.3009,-192.2023,478.75598,702.4789,-253.11684,161.41702,686.6447,-140.75111,426.317,667.47864,-49.663803,267.99402,667.616,50.47586,419.33698,894.532,-70.98098,274.5877,890.8923,34.939552,425.13184,1090.78,163.09961,282.83148,1084.886,304.30746,435.75354,1123.963,175.89525,289.94922,1118.008,315.0841,381.27597,1153.3748,-11.686222,264.4685,1145.3611,159.8751
90.jpg,253.86288,241.21982,-385.79053,280.70447,214.76572,-387.24515,292.52576,215.69344,-387.32816,304.53293,216.48334,-387.67847,254.30353,211.32536,-354.63232,246.37363,209.7579,-354.8687,238.33264,208.41803,-355.29343,340.83948,230.17336,-336.18365,250.10815,218.02446,-200.35951,285.0217,272.6926,-363.97296,247.64085,268.40488,-325.01648,453.4798,369.9226,-313.22894,195.48044,369.1813,-131.31943,520.20074,543.5021,-253.07086,149.42183,523.52844,-81.871864,502.58224,677.1497,-266.70172,147.36014,668.9561,-147.9272,507.15347,721.6202,-289.8792,136.50287,710.2648,-170.08728,488.54755,716.5311,-310.7753,152.64252,718.03656,-214.96234,480.92944,701.15924,-273.24374,169.27704,705.5476,-171.11893,435.0436,670.89734,-56.46107,280.5925,677.1812,57.52766,438.4922,892.0995,7.780042,297.10986,896.12744,124.825745,457.14767,1075.3434,270.462,311.7104,1079.2098,416.69055,470.14734,1106.3606,288.00662,319.00784,1110.037,434.66733,420.0932,1142.2064,140.0953,303.5594,1143.0808,307.3725
91.jpg,245.76834,248.15904,-410.15784,278.20026,218.99803,-422.5223,290.8826,220.21625,-422.58014,303.75098,221.30064,-422.90393,251.14647,214.17271,-377.42584,243.50745,211.85495,-377.71924,235.7301,209.7682,-378.12198,346.20245,233.23071,-392.5653,253.70486,215.15533,-203.84178,279.2807,279.80914,-393.63702,241.59973,273.57263,-339.27136,459.44464,376.5512,-366.78064,200.83316,359.54025,-116.20057,512.77075,564.2403,-318.0305,148.594,513.9617,-64.58295,492.43768,691.319,-334.46317,142.32007,660.79175,-158.79404,496.7316,732.41595,-368.00052,129.3157,700.5474,-185.96463,478.14966,726.2568,-385.26538,144.67902,710.0596,-234.25558,470.54077,711.4004,-340.7106,162.39404,699.05225,-184.86137,434.1812,678.902,-72.25493,280.62015,677.4029,73.262024,432.31946,901.76385,4.454725,290.5047,899.6909,160.40451,446.34464,1087.3011,295.38403,303.03308,1084.9939,475.2391,461.02023,1119.3541,315.30734,311.82745,1116.9653,494.1189,399.22107,1150.2422,157.36642,283.31567,1145.8665,370.88007
92.jpg,251.1618,251.64468,-369.31744,282.67685,222.3775,-377.38403,295.50375,223.43866,-377.39456,308.4942,224.37411,-377.66495,254.45355,217.90149,-336.77203,246.29895,215.65092,-337.08624,238.01573,213.61594,-337.55234,348.46014,235.15013,-330.6587,252.62729,218.35413,-162.36346,283.43518,281.89365,-346.68213,244.54196,275.99646,-298.29993,453.1511,366.4363,-293.8683,195.66025,359.9339,-84.83469,528.0871,539.49695,-252.66435,146.34021,511.18527,-30.087086,507.28333,676.6649,-250.0375,147.59543,654.796,-109.216705,511.34125,720.60046,-270.04608,136.49034,694.34503,-141.08546,489.4614,712.4555,-286.93237,151.78442,701.8743,-178.03078,482.9095,696.4966,-254.0279,168.14293,690.42706,-130.25484,428.56622,672.2931,-58.473457,274.40576,675.5546,59.414787,427.91873,893.90393,-1.2663715,286.75204,897.49274,113.1273,440.22952,1083.8792,251.69579,298.6261,1084.8153,393.3302,453.2523,1115.7463,269.2738,305.557,1116.5087,409.7702,399.7537,1148.3206,116.571365,287.53424,1146.3075,281.56638
93.jpg,257.61795,257.08334,-368.44702,287.91705,227.32187,-372.14215,300.98608,228.00195,-372.1597,314.20056,228.54597,-372.40155,258.4145,223.79236,-335.51022,249.54094,221.84901,-335.81854,240.52927,220.10556,-336.24774,352.32394,237.79836,-307.54745,252.03133,224.16791,-155.78854,289.80054,285.55566,-338.9726,249.45618,280.80386,-295.37448,454.86118,358.2187,-258.42288,192.61105,360.58893,-82.96077,543.4813,521.2157,-227.4072,147.19186,515.03986,-28.851162,514.1344,662.09827,-222.64935,152.1118,654.97906,-112.154526,516.1753,707.7777,-239.74297,142.52165,694.0178,-150.11505,489.7835,697.95825,-254.09578,157.50266,698.2974,-183.03818,484.7087,681.11584,-224.45306,173.65872,686.5657,-131.3986,430.2094,668.9429,-47.235733,272.84824,675.57196,48.07923,432.03174,888.1329,2.0385203,286.75735,895.5393,88.15006,442.81174,1076.5891,242.66043,298.73785,1080.2687,358.02515,454.07544,1107.1581,259.2414,305.27866,1111.1083,373.41602,407.69333,1144.211,103.9024,290.10928,1143.2206,239.57274
94.jpg,257.56372,260.62686,-410.11584,287.82047,230.80424,-415.3736,300.85922,231.51369,-415.3855,314.04498,232.09018,-415.62714,258.56598,227.24347,-376.55945,249.76874,225.30421,-376.8176,240.83665,223.56007,-377.2248,352.5827,241.45644,-350.6709,252.8907,227.7481,-189.57567,289.86963,288.85828,-379.70123,249.73636,284.07935,-333.29562,455.0488,362.1157,-294.10657,194.15117,359.90088,-98.07044,540.7781,526.79956,-248.58304,142.56654,512.1233,-29.87518,508.33563,665.5596,-262.27353,147.97241,654.673,-130.5231,508.9389,711.3795,-288.7141,137.73395,695.6344,-170.63844,483.04578,700.61285,-302.98856,155.25606,699.4758,-209.42807,478.2207,683.7297,-264.42056,170.96698,686.90485,-151.96573,427.09445,668.43335,-52.23145,270.71362,672.8197,53.091465,427.43698,890.7016,-7.723564,282.24194,894.42236,91.491,438.19025,1079.4519,248.94836,293.84344,1081.1748,379.9663,449.7983,1110.157,266.32584,300.06668,1112.071,396.29056,402.53207,1147.3551,100.99719,286.31158,1144.4401,255.48022
95.jpg,258.71475,260.52676,-383.0823,289.4532,230.6674,-388.78415,302.49588,231.46257,-388.7798,315.6916,232.13457,-389.01483,260.07306,226.89622,-350.09534,251.33887,224.87125,-350.40176,242.46411,223.03557,-350.84683,354.4181,241.74608,-325.85535,254.66672,227.13327,-165.88777,290.86523,289.23758,-353.54352,250.82611,284.10452,-307.56497,455.3699,365.1863,-272.99564,194.85023,360.16153,-82.16043,534.6284,534.64966,-233.04608,141.84213,511.476,-21.456453,499.86557,674.78156,-241.21805,143.63928,652.53217,-123.628555,500.75076,720.32275,-264.8688,131.83235,692.3426,-164.4478,474.9478,710.2279,-278.8606,149.02632,696.9219,-201.33775,469.95224,693.18463,-243.82037,165.4154,685.1055,-144.7191,425.3947,673.9441,-50.82714,267.8641,676.97516,51.63121,423.50098,897.1666,-5.6701336,276.31317,898.7639,88.23586,432.1481,1087.9891,248.69148,286.1217,1086.2109,377.17288,443.4073,1118.9901,265.9626,292.46713,1117.2958,393.66284,395.01004,1155.5317,99.91728,276.89853,1149.323,251.82477
96.jpg,265.9651,265.73218,-430.75623,296.07285,234.02707,-436.79553,309.43225,234.73477,-436.7755,322.94702,235.3141,-437.01617,265.54825,230.2654,-401.4386,256.18542,228.16449,-401.71088,246.68903,226.24924,-402.14313,360.66772,243.7448,-364.25443,256.2056,229.3949,-217.55194,297.7904,293.84674,-396.13583,256.3927,288.6582,-353.9368,461.88278,364.8895,-297.89288,191.08401,357.75992,-124.32031,528.5764,543.14935,-240.12093,145.03894,519.7895,-61.778023,502.44202,676.33734,-277.93494,149.15555,661.0315,-165.01573,504.35034,720.9268,-305.28085,137.8551,700.896,-198.53772,481.93817,711.9421,-323.81854,154.07729,705.1892,-242.07776,474.13843,695.90784,-283.28098,171.5754,693.5645,-187.17096,427.81674,675.02875,-46.55812,266.6528,678.96826,47.40703,426.9563,902.9266,-13.557034,278.7424,905.4087,81.05923,436.42032,1096.5298,249.34702,290.94745,1095.6908,378.62515,446.91608,1127.8352,266.64944,296.42245,1127.3163,395.28293,402.91916,1167.0894,97.17572,285.62958,1160.3794,248.46231
97.jpg,266.71237,266.2045,-441.5793,297.0296,234.60918,-448.15314,310.41107,235.55083,-448.15417,323.94962,236.37025,-448.43152,266.27963,230.11136,-413.57712,256.8081,227.69426,-413.87518,247.20383,225.47595,-414.35727,361.2229,244.45538,-374.40985,256.03586,227.7268,-232.7142,298.07578,294.68842,-406.26175,256.5852,288.6445,-365.48428,464.86835,365.92148,-305.92264,190.04944,358.98727,-137.21188,530.8167,546.18176,-235.55312,147.87622,520.9203,-68.34536,504.96063,681.4558,-265.7715,154.76747,662.577,-168.01761,507.11197,726.0642,-290.6704,144.78479,702.4639,-203.36523,486.20773,717.1507,-310.43777,160.60715,706.8408,-247.09612,478.0468,701.3339,-271.48282,177.58301,695.2126,-190.45123,435.2075,675.4161,-47.186527,272.3028,680.71796,48.079548,434.0285,906.745,7.2468786,285.2733,908.2392,96.64198,444.3292,1100.1837,287.4724,298.31497,1098.6493,410.57928,455.482,1131.1936,306.63043,304.2895,1129.9523,428.77335,410.31064,1171.5461,136.3051,293.0693,1163.8181,279.9091
98.jpg,262.30658,268.3973,-420.85934,291.7199,236.87233,-427.7216,304.8987,237.29291,-427.70084,318.22797,237.57556,-427.92297,262.01666,233.78323,-390.2295,252.93587,231.91573,-390.50317,243.72739,230.23842,-390.92557,356.75555,245.18503,-360.54865,254.96472,233.17543,-204.13332,294.94244,295.55014,-388.61578,254.42351,291.32178,-343.5017,459.05402,364.12973,-298.74078,196.15234,359.0008,-109.352,529.6284,536.2313,-249.17853,145.97589,516.3401,-50.937424,499.30774,670.5457,-284.64734,148.60307,655.6725,-164.41064,500.65906,715.1483,-316.93253,136.99146,695.76965,-201.8296,475.7666,706.0821,-331.10272,154.63014,698.7259,-243.32573,469.21472,689.99255,-288.44095,171.33743,686.8036,-186.27728,428.4187,673.6987,-49.915966,270.88696,677.1432,50.726814,426.06442,899.2726,-20.47405,280.6554,901.9404,81.33452,437.3598,1090.9042,227.39624,291.3004,1090.7263,368.02118,449.1574,1122.82,243.39302,297.21133,1122.6626,384.07086,402.6999,1159.6469,75.37736,284.53323,1155.007,242.98022
99.jpg,262.39456,268.3893,-426.63348,291.51163,236.19905,-433.28333,304.82742,236.4524,-433.2699,318.30084,236.57776,-433.52594,261.1166,233.50465,-396.59943,251.80875,231.77344,-396.87286,242.37177,230.23349,-397.33463,356.99097,243.98909,-363.95554,253.03673,233.2887,-211.87453,295.55176,295.57553,-393.52893,254.32437,291.8574,-349.75735,462.69476,366.3139,-305.4904,193.57286,360.27054,-116.14659,526.186,548.01404,-246.48206,143.8039,516.12994,-56.981216,499.98047,685.60974,-270.25494,147.07901,657.01874,-159.78087,502.46402,730.55963,-296.9522,135.74066,696.68,-195.50537,480.89627,722.3058,-314.56738,152.4169,701.3617,-237.14262,473.0861,705.9925,-275.39337,169.4974,689.8764,-181.97679,433.2798,678.0684,-51.52157,272.77362,682.1587,52.353027,432.1808,907.4777,-4.148669,283.49872,909.2433,95.682106,442.32053,1102.4677,266.50546,294.97433,1100.6504,399.19794,453.9873,1134.0061,284.89032,301.32208,1132.4602,416.7887,407.03488,1172.817,117.3726,287.19855,1166.1757,273.00714
